Time	Rpm
2020-10-21T10:37:56.010000+09:00	1740.625
2020-10-21T10:37:56.030000+09:00	1746.09375
2020-10-21T10:37:56.060000+09:00	1739.84375
2020-10-21T10:37:56.080000+09:00	1739.84375
2020-10-21T10:37:56.100000+09:00	1745.3125
2020-10-21T10:37:56.130000+09:00	1740.625
2020-10-21T10:37:56.150000+09:00	1738.28125
2020-10-21T10:37:56.180000+09:00	1746.875
2020-10-21T10:37:56.200000+09:00	1737.5
2020-10-21T10:37:56.220000+09:00	1740.625
2020-10-21T10:37:56.250000+09:00	1743.75
2020-10-21T10:37:56.270000+09:00	1739.0625
2020-10-21T10:37:56.290000+09:00	1742.1875
2020-10-21T10:37:56.320000+09:00	1748.4375
2020-10-21T10:37:56.340000+09:00	1739.84375
2020-10-21T10:37:56.360000+09:00	1744.53125
2020-10-21T10:37:56.390000+09:00	1753.125
2020-10-21T10:37:56.410000+09:00	1742.1875
2020-10-21T10:37:56.430000+09:00	1749.21875
2020-10-21T10:37:56.460000+09:00	1756.25
2020-10-21T10:37:56.480000+09:00	1746.09375
2020-10-21T10:37:56.510000+09:00	1750
2020-10-21T10:37:56.530000+09:00	1760.15625
2020-10-21T10:37:56.550000+09:00	1748.4375
2020-10-21T10:37:56.580000+09:00	1753.125
2020-10-21T10:37:56.600000+09:00	1756.25
2020-10-21T10:37:56.620000+09:00	1747.65625
2020-10-21T10:37:56.650000+09:00	1753.125
2020-10-21T10:37:56.670000+09:00	1758.59375
2020-10-21T10:37:56.690000+09:00	1749.21875
2020-10-21T10:37:56.720000+09:00	1754.6875
2020-10-21T10:37:56.740000+09:00	1753.125
2020-10-21T10:37:56.760000+09:00	1751.5625
2020-10-21T10:37:56.790000+09:00	1753.90625
2020-10-21T10:37:56.810000+09:00	1753.90625
2020-10-21T10:37:56.830000+09:00	1753.125
2020-10-21T10:37:56.860000+09:00	1755.46875
2020-10-21T10:37:56.880000+09:00	1750
2020-10-21T10:37:56.910000+09:00	1757.03125
2020-10-21T10:37:56.930000+09:00	1760.15625
2020-10-21T10:37:56.950000+09:00	1750.78125
2020-10-21T10:37:56.980000+09:00	1758.59375
2020-10-21T10:37:57.000000+09:00	1765.625
2020-10-21T10:37:57.020000+09:00	1754.6875
2020-10-21T10:37:57.050000+09:00	1764.84375
2020-10-21T10:37:57.070000+09:00	1772.65625
2020-10-21T10:37:57.090000+09:00	1761.71875
2020-10-21T10:37:57.120000+09:00	1770.3125
2020-10-21T10:37:57.140000+09:00	1777.34375
2020-10-21T10:37:57.160000+09:00	1764.0625
2020-10-21T10:37:57.190000+09:00	1769.53125
2020-10-21T10:37:57.210000+09:00	1779.6875
2020-10-21T10:37:57.240000+09:00	1761.71875
2020-10-21T10:37:57.260000+09:00	1775
2020-10-21T10:37:57.280000+09:00	1773.4375
2020-10-21T10:37:57.310000+09:00	1769.53125
2020-10-21T10:37:57.330000+09:00	1774.21875
2020-10-21T10:37:57.350000+09:00	1776.5625
2020-10-21T10:37:57.380000+09:00	1771.09375
2020-10-21T10:37:57.400000+09:00	1778.90625
2020-10-21T10:37:57.420000+09:00	1781.25
2020-10-21T10:37:57.450000+09:00	1777.34375
2020-10-21T10:37:57.470000+09:00	1787.5
2020-10-21T10:37:57.490000+09:00	1777.34375
2020-10-21T10:37:57.520000+09:00	1780.46875
2020-10-21T10:37:57.540000+09:00	1789.84375
2020-10-21T10:37:57.560000+09:00	1785.15625
2020-10-21T10:37:57.590000+09:00	1782.03125
2020-10-21T10:37:57.610000+09:00	1793.75
2020-10-21T10:37:57.640000+09:00	1785.15625
2020-10-21T10:37:57.660000+09:00	1786.71875
2020-10-21T10:37:57.680000+09:00	1796.09375
2020-10-21T10:37:57.710000+09:00	1792.96875
2020-10-21T10:37:57.730000+09:00	1795.3125
2020-10-21T10:37:57.750000+09:00	1801.5625
2020-10-21T10:37:57.780000+09:00	1797.65625
2020-10-21T10:37:57.800000+09:00	1797.65625
2020-10-21T10:37:57.820000+09:00	1800.78125
2020-10-21T10:37:57.850000+09:00	1797.65625
2020-10-21T10:37:57.870000+09:00	1803.90625
2020-10-21T10:37:57.890000+09:00	1794.53125
2020-10-21T10:37:57.920000+09:00	1803.90625
2020-10-21T10:37:57.940000+09:00	1810.15625
2020-10-21T10:37:57.970000+09:00	1806.25
2020-10-21T10:37:57.990000+09:00	1821.875
2020-10-21T10:37:58.010000+09:00	1839.0625
2020-10-21T10:37:58.040000+09:00	1835.15625
2020-10-21T10:37:58.060000+09:00	1850
2020-10-21T10:37:58.080000+09:00	1865.625
2020-10-21T10:37:58.110000+09:00	1867.1875
2020-10-21T10:37:58.130000+09:00	1875
2020-10-21T10:37:58.150000+09:00	1885.9375
2020-10-21T10:37:58.180000+09:00	1902.34375
2020-10-21T10:37:58.200000+09:00	1907.03125
2020-10-21T10:37:58.220000+09:00	1919.53125
2020-10-21T10:37:58.250000+09:00	1932.8125
2020-10-21T10:37:58.270000+09:00	1943.75
2020-10-21T10:37:58.300000+09:00	1946.875
2020-10-21T10:37:58.320000+09:00	1960.15625
2020-10-21T10:37:58.340000+09:00	1966.40625
2020-10-21T10:37:58.370000+09:00	1971.875
2020-10-21T10:37:58.390000+09:00	1991.40625
2020-10-21T10:37:58.410000+09:00	1981.25
2020-10-21T10:37:58.440000+09:00	1992.1875
2020-10-21T10:37:58.460000+09:00	1992.96875
2020-10-21T10:37:58.480000+09:00	1997.65625
2020-10-21T10:37:58.510000+09:00	2000
2020-10-21T10:37:58.530000+09:00	1998.4375
2020-10-21T10:37:58.550000+09:00	2000.78125
2020-10-21T10:37:58.580000+09:00	2003.125
2020-10-21T10:37:58.600000+09:00	2004.6875
2020-10-21T10:37:58.620000+09:00	2004.6875
2020-10-21T10:37:58.650000+09:00	1998.4375
2020-10-21T10:37:58.670000+09:00	2000.78125
2020-10-21T10:37:58.700000+09:00	2009.375
2020-10-21T10:37:58.720000+09:00	1998.4375
2020-10-21T10:37:58.740000+09:00	2001.5625
2020-10-21T10:37:58.770000+09:00	1996.09375
2020-10-21T10:37:58.790000+09:00	1991.40625
2020-10-21T10:37:58.810000+09:00	1998.4375
2020-10-21T10:37:58.840000+09:00	1992.1875
2020-10-21T10:37:58.860000+09:00	1989.0625
2020-10-21T10:37:58.880000+09:00	1986.71875
2020-10-21T10:37:58.910000+09:00	1986.71875
2020-10-21T10:37:58.930000+09:00	1982.8125
2020-10-21T10:37:58.950000+09:00	1980.46875
2020-10-21T10:37:58.980000+09:00	1974.21875
2020-10-21T10:37:59.000000+09:00	1975
2020-10-21T10:37:59.030000+09:00	1970.3125
2020-10-21T10:37:59.050000+09:00	1979.6875
2020-10-21T10:37:59.070000+09:00	1969.53125
2020-10-21T10:37:59.100000+09:00	1969.53125
2020-10-21T10:37:59.120000+09:00	1975
2020-10-21T10:37:59.140000+09:00	1967.96875
2020-10-21T10:37:59.170000+09:00	1967.96875
2020-10-21T10:37:59.190000+09:00	1964.0625
2020-10-21T10:37:59.210000+09:00	1971.875
2020-10-21T10:37:59.240000+09:00	1967.96875
2020-10-21T10:37:59.260000+09:00	1971.09375
2020-10-21T10:37:59.280000+09:00	1974.21875
2020-10-21T10:37:59.310000+09:00	1971.09375
2020-10-21T10:37:59.330000+09:00	1967.1875
2020-10-21T10:37:59.350000+09:00	1980.46875
2020-10-21T10:37:59.380000+09:00	1967.96875
2020-10-21T10:37:59.400000+09:00	1970.3125
2020-10-21T10:37:59.430000+09:00	1979.6875
2020-10-21T10:37:59.450000+09:00	1971.875
2020-10-21T10:37:59.470000+09:00	1979.6875
2020-10-21T10:37:59.500000+09:00	1978.125
2020-10-21T10:37:59.520000+09:00	1980.46875
2020-10-21T10:37:59.540000+09:00	1981.25
2020-10-21T10:37:59.570000+09:00	1985.9375
2020-10-21T10:37:59.590000+09:00	1982.8125
2020-10-21T10:37:59.610000+09:00	1979.6875
2020-10-21T10:37:59.640000+09:00	1980.46875
2020-10-21T10:37:59.660000+09:00	1986.71875
2020-10-21T10:37:59.680000+09:00	1979.6875
2020-10-21T10:37:59.710000+09:00	1976.5625
2020-10-21T10:37:59.730000+09:00	1981.25
2020-10-21T10:37:59.760000+09:00	1979.6875
2020-10-21T10:37:59.780000+09:00	1985.15625
2020-10-21T10:37:59.800000+09:00	1977.34375
2020-10-21T10:37:59.830000+09:00	1980.46875
2020-10-21T10:37:59.850000+09:00	1979.6875
2020-10-21T10:37:59.870000+09:00	1978.125
2020-10-21T10:37:59.900000+09:00	1979.6875
2020-10-21T10:37:59.920000+09:00	1976.5625
2020-10-21T10:37:59.940000+09:00	1974.21875
2020-10-21T10:37:59.970000+09:00	1977.34375
2020-10-21T10:37:59.990000+09:00	1978.125
2020-10-21T10:38:00.010000+09:00	1973.4375
2020-10-21T10:38:00.040000+09:00	1976.5625
2020-10-21T10:38:00.060000+09:00	1976.5625
2020-10-21T10:38:00.090000+09:00	1985.15625
2020-10-21T10:38:00.110000+09:00	1976.5625
2020-10-21T10:38:00.130000+09:00	1981.25
2020-10-21T10:38:00.160000+09:00	1971.09375
2020-10-21T10:38:00.180000+09:00	1971.09375
2020-10-21T10:38:00.200000+09:00	1979.6875
2020-10-21T10:38:00.230000+09:00	1977.34375
2020-10-21T10:38:00.250000+09:00	1974.21875
2020-10-21T10:38:00.270000+09:00	1975
2020-10-21T10:38:00.300000+09:00	1985.15625
2020-10-21T10:38:00.320000+09:00	1971.875
2020-10-21T10:38:00.340000+09:00	1979.6875
2020-10-21T10:38:00.370000+09:00	1980.46875
2020-10-21T10:38:00.390000+09:00	1983.59375
2020-10-21T10:38:00.410000+09:00	1979.6875
2020-10-21T10:38:00.440000+09:00	1980.46875
2020-10-21T10:38:00.460000+09:00	1979.6875
2020-10-21T10:38:00.490000+09:00	1982.8125
2020-10-21T10:38:00.510000+09:00	1986.71875
2020-10-21T10:38:00.530000+09:00	1986.71875
2020-10-21T10:38:00.560000+09:00	1985.9375
2020-10-21T10:38:00.580000+09:00	1985.9375
2020-10-21T10:38:00.600000+09:00	1994.53125
2020-10-21T10:38:00.630000+09:00	1989.84375
2020-10-21T10:38:00.650000+09:00	1989.0625
2020-10-21T10:38:00.670000+09:00	1985.9375
2020-10-21T10:38:00.700000+09:00	1992.1875
2020-10-21T10:38:00.720000+09:00	1986.71875
2020-10-21T10:38:00.740000+09:00	1994.53125
2020-10-21T10:38:00.770000+09:00	1986.71875
2020-10-21T10:38:00.790000+09:00	1988.28125
2020-10-21T10:38:00.820000+09:00	1992.96875
2020-10-21T10:38:00.840000+09:00	1989.0625
2020-10-21T10:38:00.860000+09:00	1992.96875
2020-10-21T10:38:00.890000+09:00	1988.28125
2020-10-21T10:38:00.910000+09:00	1994.53125
2020-10-21T10:38:00.930000+09:00	1992.1875
2020-10-21T10:38:00.960000+09:00	1995.3125
2020-10-21T10:38:00.980000+09:00	1989.84375
2020-10-21T10:38:01.000000+09:00	1992.96875
2020-10-21T10:38:01.030000+09:00	1992.1875
2020-10-21T10:38:01.050000+09:00	1995.3125
2020-10-21T10:38:01.070000+09:00	1991.40625
2020-10-21T10:38:01.100000+09:00	1992.1875
2020-10-21T10:38:01.120000+09:00	1997.65625
2020-10-21T10:38:01.150000+09:00	1994.53125
2020-10-21T10:38:01.170000+09:00	1998.4375
2020-10-21T10:38:01.190000+09:00	1992.96875
2020-10-21T10:38:01.220000+09:00	1996.09375
2020-10-21T10:38:01.240000+09:00	1996.09375
2020-10-21T10:38:01.260000+09:00	1997.65625
2020-10-21T10:38:01.290000+09:00	1998.4375
2020-10-21T10:38:01.310000+09:00	1989.84375
2020-10-21T10:38:01.330000+09:00	1992.96875
2020-10-21T10:38:01.360000+09:00	1998.4375
2020-10-21T10:38:01.380000+09:00	1992.96875
2020-10-21T10:38:01.400000+09:00	1992.96875
2020-10-21T10:38:01.430000+09:00	1992.96875
2020-10-21T10:38:01.450000+09:00	1989.0625
2020-10-21T10:38:01.470000+09:00	1998.4375
2020-10-21T10:38:01.500000+09:00	1992.96875
2020-10-21T10:38:01.520000+09:00	1991.40625
2020-10-21T10:38:01.550000+09:00	1992.1875
2020-10-21T10:38:01.570000+09:00	1991.40625
2020-10-21T10:38:01.590000+09:00	1998.4375
2020-10-21T10:38:01.620000+09:00	1989.0625
2020-10-21T10:38:01.640000+09:00	1991.40625
2020-10-21T10:38:01.660000+09:00	1989.84375
2020-10-21T10:38:01.690000+09:00	1985.15625
2020-10-21T10:38:01.710000+09:00	1989.0625
2020-10-21T10:38:01.730000+09:00	1988.28125
2020-10-21T10:38:01.760000+09:00	1983.59375
2020-10-21T10:38:01.780000+09:00	1992.1875
2020-10-21T10:38:01.800000+09:00	1985.9375
2020-10-21T10:38:01.830000+09:00	1989.84375
2020-10-21T10:38:01.850000+09:00	1981.25
2020-10-21T10:38:01.880000+09:00	1983.59375
2020-10-21T10:38:01.900000+09:00	1989.84375
2020-10-21T10:38:01.920000+09:00	1985.15625
2020-10-21T10:38:01.950000+09:00	1983.59375
2020-10-21T10:38:01.970000+09:00	1980.46875
2020-10-21T10:38:01.990000+09:00	1982.8125
2020-10-21T10:38:02.020000+09:00	1985.9375
2020-10-21T10:38:02.040000+09:00	1986.71875
2020-10-21T10:38:02.060000+09:00	1975
2020-10-21T10:38:02.090000+09:00	1985.9375
2020-10-21T10:38:02.110000+09:00	1985.15625
2020-10-21T10:38:02.130000+09:00	1983.59375
2020-10-21T10:38:02.160000+09:00	1978.125
2020-10-21T10:38:02.180000+09:00	1981.25
2020-10-21T10:38:02.210000+09:00	1978.125
2020-10-21T10:38:02.230000+09:00	1983.59375
2020-10-21T10:38:02.250000+09:00	1985.9375
2020-10-21T10:38:02.280000+09:00	1975
2020-10-21T10:38:02.300000+09:00	1980.46875
2020-10-21T10:38:02.320000+09:00	1985.15625
2020-10-21T10:38:02.350000+09:00	1979.6875
2020-10-21T10:38:02.370000+09:00	1977.34375
2020-10-21T10:38:02.390000+09:00	1981.25
2020-10-21T10:38:02.420000+09:00	1974.21875
2020-10-21T10:38:02.440000+09:00	1985.9375
2020-10-21T10:38:02.460000+09:00	1980.46875
2020-10-21T10:38:02.490000+09:00	1976.5625
2020-10-21T10:38:02.510000+09:00	1977.34375
2020-10-21T10:38:02.530000+09:00	1982.8125
2020-10-21T10:38:02.560000+09:00	1985.15625
2020-10-21T10:38:02.580000+09:00	1975
2020-10-21T10:38:02.610000+09:00	1985.9375
2020-10-21T10:38:02.630000+09:00	1976.5625
2020-10-21T10:38:02.650000+09:00	1981.25
2020-10-21T10:38:02.680000+09:00	1980.46875
2020-10-21T10:38:02.700000+09:00	1978.125
2020-10-21T10:38:02.720000+09:00	1976.5625
2020-10-21T10:38:02.750000+09:00	1986.71875
2020-10-21T10:38:02.770000+09:00	1978.125
2020-10-21T10:38:02.790000+09:00	1980.46875
2020-10-21T10:38:02.820000+09:00	1978.125
2020-10-21T10:38:02.840000+09:00	1971.09375
2020-10-21T10:38:02.860000+09:00	1977.34375
2020-10-21T10:38:02.890000+09:00	1953.125
2020-10-21T10:38:02.910000+09:00	1939.84375
2020-10-21T10:38:02.940000+09:00	1915.625
2020-10-21T10:38:02.960000+09:00	1895.3125
2020-10-21T10:38:02.980000+09:00	1866.40625
2020-10-21T10:38:03.010000+09:00	1830.46875
2020-10-21T10:38:03.030000+09:00	1814.0625
2020-10-21T10:38:03.050000+09:00	1772.65625
2020-10-21T10:38:03.080000+09:00	1732.03125
2020-10-21T10:38:03.100000+09:00	1694.53125
2020-10-21T10:38:03.120000+09:00	1666.40625
2020-10-21T10:38:03.150000+09:00	1618.75
2020-10-21T10:38:03.170000+09:00	1585.9375
2020-10-21T10:38:03.190000+09:00	1547.65625
2020-10-21T10:38:03.220000+09:00	1518.75
2020-10-21T10:38:03.240000+09:00	1483.59375
2020-10-21T10:38:03.260000+09:00	1448.4375
2020-10-21T10:38:03.290000+09:00	1416.40625
2020-10-21T10:38:03.310000+09:00	1376.5625
2020-10-21T10:38:03.340000+09:00	1346.875
2020-10-21T10:38:03.360000+09:00	1320.3125
2020-10-21T10:38:03.380000+09:00	1307.8125
2020-10-21T10:38:03.410000+09:00	1272.65625
2020-10-21T10:38:03.430000+09:00	1255.46875
2020-10-21T10:38:03.450000+09:00	1231.25
2020-10-21T10:38:03.480000+09:00	1214.84375
2020-10-21T10:38:03.500000+09:00	1194.53125
2020-10-21T10:38:03.520000+09:00	1185.9375
2020-10-21T10:38:03.550000+09:00	1174.21875
2020-10-21T10:38:03.570000+09:00	1164.84375
2020-10-21T10:38:03.590000+09:00	1158.59375
2020-10-21T10:38:03.620000+09:00	1151.5625
2020-10-21T10:38:03.640000+09:00	1145.3125
2020-10-21T10:38:03.670000+09:00	1141.40625
2020-10-21T10:38:03.690000+09:00	1139.0625
2020-10-21T10:38:03.710000+09:00	1132.03125
2020-10-21T10:38:03.740000+09:00	1132.8125
2020-10-21T10:38:03.760000+09:00	1130.46875
2020-10-21T10:38:03.780000+09:00	1127.34375
2020-10-21T10:38:03.810000+09:00	1128.125
2020-10-21T10:38:03.830000+09:00	1134.375
2020-10-21T10:38:03.850000+09:00	1133.59375
2020-10-21T10:38:03.880000+09:00	1131.25
2020-10-21T10:38:03.900000+09:00	1149.21875
2020-10-21T10:38:03.920000+09:00	1164.84375
2020-10-21T10:38:03.950000+09:00	1182.8125
2020-10-21T10:38:03.970000+09:00	1189.84375
2020-10-21T10:38:03.990000+09:00	1210.15625
2020-10-21T10:38:04.020000+09:00	1214.84375
2020-10-21T10:38:04.040000+09:00	1222.65625
2020-10-21T10:38:04.070000+09:00	1226.5625
2020-10-21T10:38:04.090000+09:00	1226.5625
2020-10-21T10:38:04.110000+09:00	1221.09375
2020-10-21T10:38:04.140000+09:00	1218.75
2020-10-21T10:38:04.160000+09:00	1215.625
2020-10-21T10:38:04.180000+09:00	1208.59375
2020-10-21T10:38:04.210000+09:00	1201.5625
2020-10-21T10:38:04.230000+09:00	1196.09375
2020-10-21T10:38:04.250000+09:00	1193.75
2020-10-21T10:38:04.280000+09:00	1185.9375
2020-10-21T10:38:04.300000+09:00	1180.46875
2020-10-21T10:38:04.320000+09:00	1179.6875
2020-10-21T10:38:04.350000+09:00	1175
2020-10-21T10:38:04.370000+09:00	1172.65625
2020-10-21T10:38:04.400000+09:00	1167.1875
2020-10-21T10:38:04.420000+09:00	1170.3125
2020-10-21T10:38:04.440000+09:00	1171.875
2020-10-21T10:38:04.470000+09:00	1171.875
2020-10-21T10:38:04.490000+09:00	1171.09375
2020-10-21T10:38:04.510000+09:00	1173.4375
2020-10-21T10:38:04.540000+09:00	1177.34375
2020-10-21T10:38:04.560000+09:00	1175
2020-10-21T10:38:04.580000+09:00	1178.125
2020-10-21T10:38:04.610000+09:00	1177.34375
2020-10-21T10:38:04.630000+09:00	1179.6875
2020-10-21T10:38:04.650000+09:00	1178.125
2020-10-21T10:38:04.680000+09:00	1180.46875
2020-10-21T10:38:04.700000+09:00	1176.5625
2020-10-21T10:38:04.730000+09:00	1178.125
2020-10-21T10:38:04.750000+09:00	1183.59375
2020-10-21T10:38:04.770000+09:00	1178.90625
2020-10-21T10:38:04.800000+09:00	1179.6875
2020-10-21T10:38:04.820000+09:00	1182.03125
2020-10-21T10:38:04.840000+09:00	1182.8125
2020-10-21T10:38:04.870000+09:00	1182.8125
2020-10-21T10:38:04.890000+09:00	1189.0625
2020-10-21T10:38:04.910000+09:00	1182.8125
2020-10-21T10:38:04.940000+09:00	1185.15625
2020-10-21T10:38:04.960000+09:00	1189.84375
2020-10-21T10:38:04.980000+09:00	1186.71875
2020-10-21T10:38:05.010000+09:00	1185.9375
2020-10-21T10:38:05.030000+09:00	1190.625
2020-10-21T10:38:05.050000+09:00	1189.0625
2020-10-21T10:38:05.080000+09:00	1179.6875
2020-10-21T10:38:05.100000+09:00	1187.5
2020-10-21T10:38:05.130000+09:00	1175.78125
2020-10-21T10:38:05.150000+09:00	1171.09375
2020-10-21T10:38:05.170000+09:00	1171.09375
2020-10-21T10:38:05.200000+09:00	1166.40625
2020-10-21T10:38:05.220000+09:00	1153.90625
2020-10-21T10:38:05.240000+09:00	1158.59375
2020-10-21T10:38:05.270000+09:00	1153.125
2020-10-21T10:38:05.290000+09:00	1147.65625
2020-10-21T10:38:05.310000+09:00	1147.65625
2020-10-21T10:38:05.340000+09:00	1142.1875
2020-10-21T10:38:05.360000+09:00	1146.09375
2020-10-21T10:38:05.380000+09:00	1137.5
2020-10-21T10:38:05.410000+09:00	1145.3125
2020-10-21T10:38:05.430000+09:00	1138.28125
2020-10-21T10:38:05.460000+09:00	1142.96875
2020-10-21T10:38:05.480000+09:00	1141.40625
2020-10-21T10:38:05.500000+09:00	1142.1875
2020-10-21T10:38:05.530000+09:00	1139.0625
2020-10-21T10:38:05.550000+09:00	1142.1875
2020-10-21T10:38:05.570000+09:00	1145.3125
2020-10-21T10:38:05.600000+09:00	1142.96875
2020-10-21T10:38:05.620000+09:00	1147.65625
2020-10-21T10:38:05.640000+09:00	1145.3125
2020-10-21T10:38:05.670000+09:00	1149.21875
2020-10-21T10:38:05.690000+09:00	1148.4375
2020-10-21T10:38:05.710000+09:00	1147.65625
2020-10-21T10:38:05.740000+09:00	1148.4375
2020-10-21T10:38:05.760000+09:00	1150
2020-10-21T10:38:05.790000+09:00	1151.5625
2020-10-21T10:38:05.810000+09:00	1148.4375
2020-10-21T10:38:05.830000+09:00	1153.90625
2020-10-21T10:38:05.860000+09:00	1148.4375
2020-10-21T10:38:05.880000+09:00	1153.90625
2020-10-21T10:38:05.900000+09:00	1153.90625
2020-10-21T10:38:05.930000+09:00	1151.5625
2020-10-21T10:38:05.950000+09:00	1147.65625
2020-10-21T10:38:05.970000+09:00	1157.03125
2020-10-21T10:38:06.000000+09:00	1151.5625
2020-10-21T10:38:06.020000+09:00	1145.3125
2020-10-21T10:38:06.040000+09:00	1155.46875
2020-10-21T10:38:06.070000+09:00	1150.78125
2020-10-21T10:38:06.090000+09:00	1149.21875
2020-10-21T10:38:06.110000+09:00	1149.21875
2020-10-21T10:38:06.140000+09:00	1152.34375
2020-10-21T10:38:06.160000+09:00	1142.96875
2020-10-21T10:38:06.190000+09:00	1150
2020-10-21T10:38:06.210000+09:00	1149.21875
2020-10-21T10:38:06.230000+09:00	1140.625
2020-10-21T10:38:06.260000+09:00	1143.75
2020-10-21T10:38:06.280000+09:00	1144.53125
2020-10-21T10:38:06.300000+09:00	1140.625
2020-10-21T10:38:06.330000+09:00	1139.0625
2020-10-21T10:38:06.350000+09:00	1142.1875
2020-10-21T10:38:06.370000+09:00	1135.9375
2020-10-21T10:38:06.400000+09:00	1139.0625
2020-10-21T10:38:06.420000+09:00	1138.28125
2020-10-21T10:38:06.440000+09:00	1133.59375
2020-10-21T10:38:06.470000+09:00	1136.71875
2020-10-21T10:38:06.490000+09:00	1133.59375
2020-10-21T10:38:06.520000+09:00	1139.0625
2020-10-21T10:38:06.540000+09:00	1130.46875
2020-10-21T10:38:06.560000+09:00	1134.375
2020-10-21T10:38:06.590000+09:00	1132.03125
2020-10-21T10:38:06.610000+09:00	1133.59375
2020-10-21T10:38:06.630000+09:00	1132.03125
2020-10-21T10:38:06.660000+09:00	1133.59375
2020-10-21T10:38:06.680000+09:00	1135.15625
2020-10-21T10:38:06.700000+09:00	1130.46875
2020-10-21T10:38:06.730000+09:00	1137.5
2020-10-21T10:38:06.750000+09:00	1133.59375
2020-10-21T10:38:06.770000+09:00	1131.25
2020-10-21T10:38:06.800000+09:00	1132.8125
2020-10-21T10:38:06.820000+09:00	1138.28125
2020-10-21T10:38:06.840000+09:00	1132.8125
2020-10-21T10:38:06.870000+09:00	1128.125
2020-10-21T10:38:06.890000+09:00	1139.0625
2020-10-21T10:38:06.920000+09:00	1129.6875
2020-10-21T10:38:06.940000+09:00	1135.9375
2020-10-21T10:38:06.960000+09:00	1139.0625
2020-10-21T10:38:06.990000+09:00	1139.0625
2020-10-21T10:38:07.010000+09:00	1132.8125
2020-10-21T10:38:07.030000+09:00	1143.75
2020-10-21T10:38:07.060000+09:00	1138.28125
2020-10-21T10:38:07.080000+09:00	1136.71875
2020-10-21T10:38:07.100000+09:00	1143.75
2020-10-21T10:38:07.130000+09:00	1133.59375
2020-10-21T10:38:07.150000+09:00	1139.84375
2020-10-21T10:38:07.170000+09:00	1139.84375
2020-10-21T10:38:07.200000+09:00	1138.28125
2020-10-21T10:38:07.220000+09:00	1135.9375
2020-10-21T10:38:07.250000+09:00	1142.1875
2020-10-21T10:38:07.270000+09:00	1139.84375
2020-10-21T10:38:07.290000+09:00	1139.0625
2020-10-21T10:38:07.320000+09:00	1139.84375
2020-10-21T10:38:07.340000+09:00	1142.1875
2020-10-21T10:38:07.360000+09:00	1144.53125
2020-10-21T10:38:07.390000+09:00	1137.5
2020-10-21T10:38:07.410000+09:00	1144.53125
2020-10-21T10:38:07.430000+09:00	1142.1875
2020-10-21T10:38:07.460000+09:00	1139.0625
2020-10-21T10:38:07.480000+09:00	1146.875
2020-10-21T10:38:07.500000+09:00	1143.75
2020-10-21T10:38:07.530000+09:00	1137.5
2020-10-21T10:38:07.550000+09:00	1143.75
2020-10-21T10:38:07.570000+09:00	1145.3125
2020-10-21T10:38:07.600000+09:00	1138.28125
2020-10-21T10:38:07.620000+09:00	1145.3125
2020-10-21T10:38:07.650000+09:00	1142.96875
2020-10-21T10:38:07.670000+09:00	1140.625
2020-10-21T10:38:07.690000+09:00	1141.40625
2020-10-21T10:38:07.720000+09:00	1143.75
2020-10-21T10:38:07.740000+09:00	1139.84375
2020-10-21T10:38:07.760000+09:00	1141.40625
2020-10-21T10:38:07.790000+09:00	1147.65625
2020-10-21T10:38:07.810000+09:00	1149.21875
2020-10-21T10:38:07.830000+09:00	1154.6875
2020-10-21T10:38:07.860000+09:00	1162.5
2020-10-21T10:38:07.880000+09:00	1171.09375
2020-10-21T10:38:07.900000+09:00	1178.125
2020-10-21T10:38:07.930000+09:00	1182.03125
2020-10-21T10:38:07.950000+09:00	1190.625
2020-10-21T10:38:07.980000+09:00	1204.6875
2020-10-21T10:38:08.000000+09:00	1208.59375
2020-10-21T10:38:08.020000+09:00	1225.78125
2020-10-21T10:38:08.050000+09:00	1239.0625
2020-10-21T10:38:08.070000+09:00	1253.125
2020-10-21T10:38:08.090000+09:00	1271.875
2020-10-21T10:38:08.120000+09:00	1286.71875
2020-10-21T10:38:08.140000+09:00	1302.34375
2020-10-21T10:38:08.160000+09:00	1327.34375
2020-10-21T10:38:08.190000+09:00	1350.78125
2020-10-21T10:38:08.210000+09:00	1371.09375
2020-10-21T10:38:08.230000+09:00	1389.0625
2020-10-21T10:38:08.260000+09:00	1415.625
2020-10-21T10:38:08.280000+09:00	1435.9375
2020-10-21T10:38:08.310000+09:00	1451.5625
2020-10-21T10:38:08.330000+09:00	1476.5625
2020-10-21T10:38:08.350000+09:00	1500
2020-10-21T10:38:08.380000+09:00	1520.3125
2020-10-21T10:38:08.400000+09:00	1540.625
2020-10-21T10:38:08.420000+09:00	1555.46875
2020-10-21T10:38:08.450000+09:00	1577.34375
2020-10-21T10:38:08.470000+09:00	1585.9375
2020-10-21T10:38:08.490000+09:00	1603.90625
2020-10-21T10:38:08.520000+09:00	1603.90625
2020-10-21T10:38:08.540000+09:00	1616.40625
2020-10-21T10:38:08.560000+09:00	1628.125
2020-10-21T10:38:08.590000+09:00	1626.5625
2020-10-21T10:38:08.610000+09:00	1635.15625
2020-10-21T10:38:08.640000+09:00	1643.75
2020-10-21T10:38:08.660000+09:00	1646.875
2020-10-21T10:38:08.680000+09:00	1650
2020-10-21T10:38:08.710000+09:00	1656.25
2020-10-21T10:38:08.730000+09:00	1657.8125
2020-10-21T10:38:08.750000+09:00	1658.59375
2020-10-21T10:38:08.780000+09:00	1660.15625
2020-10-21T10:38:08.800000+09:00	1662.5
2020-10-21T10:38:08.820000+09:00	1662.5
2020-10-21T10:38:08.850000+09:00	1655.46875
2020-10-21T10:38:08.870000+09:00	1663.28125
2020-10-21T10:38:08.890000+09:00	1658.59375
2020-10-21T10:38:08.920000+09:00	1653.90625
2020-10-21T10:38:08.940000+09:00	1659.375
2020-10-21T10:38:08.960000+09:00	1657.8125
2020-10-21T10:38:08.990000+09:00	1651.5625
2020-10-21T10:38:09.010000+09:00	1657.03125
2020-10-21T10:38:09.040000+09:00	1657.8125
2020-10-21T10:38:09.060000+09:00	1646.09375
2020-10-21T10:38:09.080000+09:00	1653.90625
2020-10-21T10:38:09.110000+09:00	1654.6875
2020-10-21T10:38:09.130000+09:00	1642.96875
2020-10-21T10:38:09.150000+09:00	1650
2020-10-21T10:38:09.180000+09:00	1648.4375
2020-10-21T10:38:09.200000+09:00	1637.5
2020-10-21T10:38:09.220000+09:00	1646.875
2020-10-21T10:38:09.250000+09:00	1648.4375
2020-10-21T10:38:09.270000+09:00	1633.59375
2020-10-21T10:38:09.290000+09:00	1642.1875
2020-10-21T10:38:09.320000+09:00	1646.875
2020-10-21T10:38:09.340000+09:00	1630.46875
2020-10-21T10:38:09.360000+09:00	1644.53125
2020-10-21T10:38:09.390000+09:00	1646.875
2020-10-21T10:38:09.410000+09:00	1635.15625
2020-10-21T10:38:09.440000+09:00	1637.5
2020-10-21T10:38:09.460000+09:00	1655.46875
2020-10-21T10:38:09.480000+09:00	1646.875
2020-10-21T10:38:09.510000+09:00	1658.59375
2020-10-21T10:38:09.530000+09:00	1681.25
2020-10-21T10:38:09.550000+09:00	1696.09375
2020-10-21T10:38:09.580000+09:00	1739.0625
2020-10-21T10:38:09.600000+09:00	1782.8125
2020-10-21T10:38:09.620000+09:00	1815.625
2020-10-21T10:38:09.650000+09:00	1877.34375
2020-10-21T10:38:09.670000+09:00	1939.84375
2020-10-21T10:38:09.690000+09:00	2004.6875
2020-10-21T10:38:09.720000+09:00	2084.375
2020-10-21T10:38:09.740000+09:00	2162.5
2020-10-21T10:38:09.770000+09:00	2242.1875
2020-10-21T10:38:09.790000+09:00	2298.4375
2020-10-21T10:38:09.810000+09:00	2386.71875
2020-10-21T10:38:09.840000+09:00	2461.71875
2020-10-21T10:38:09.860000+09:00	2559.375
2020-10-21T10:38:09.880000+09:00	2647.65625
2020-10-21T10:38:09.910000+09:00	2730.46875
2020-10-21T10:38:09.930000+09:00	2825.78125
2020-10-21T10:38:09.950000+09:00	2904.6875
2020-10-21T10:38:09.980000+09:00	2978.125
2020-10-21T10:38:10.000000+09:00	3028.90625
2020-10-21T10:38:10.020000+09:00	3088.28125
2020-10-21T10:38:10.050000+09:00	3145.3125
2020-10-21T10:38:10.070000+09:00	3188.28125
2020-10-21T10:38:10.100000+09:00	3210.15625
2020-10-21T10:38:10.120000+09:00	3243.75
2020-10-21T10:38:10.140000+09:00	3266.40625
2020-10-21T10:38:10.170000+09:00	3283.59375
2020-10-21T10:38:10.190000+09:00	3297.65625
2020-10-21T10:38:10.210000+09:00	3312.5
2020-10-21T10:38:10.240000+09:00	3332.8125
2020-10-21T10:38:10.260000+09:00	3335.9375
2020-10-21T10:38:10.280000+09:00	3335.9375
2020-10-21T10:38:10.310000+09:00	3344.53125
2020-10-21T10:38:10.330000+09:00	3339.0625
2020-10-21T10:38:10.350000+09:00	3335.9375
2020-10-21T10:38:10.380000+09:00	3339.0625
2020-10-21T10:38:10.400000+09:00	3335.9375
2020-10-21T10:38:10.430000+09:00	3329.6875
2020-10-21T10:38:10.450000+09:00	3327.34375
2020-10-21T10:38:10.470000+09:00	3324.21875
2020-10-21T10:38:10.500000+09:00	3309.375
2020-10-21T10:38:10.520000+09:00	3312.5
2020-10-21T10:38:10.540000+09:00	3306.25
2020-10-21T10:38:10.570000+09:00	3300.78125
2020-10-21T10:38:10.590000+09:00	3294.53125
2020-10-21T10:38:10.610000+09:00	3297.65625
2020-10-21T10:38:10.640000+09:00	3285.9375
2020-10-21T10:38:10.660000+09:00	3280.46875
2020-10-21T10:38:10.680000+09:00	3280.46875
2020-10-21T10:38:10.710000+09:00	3268.75
2020-10-21T10:38:10.730000+09:00	3260.15625
2020-10-21T10:38:10.750000+09:00	3254.6875
2020-10-21T10:38:10.780000+09:00	3257.8125
2020-10-21T10:38:10.800000+09:00	3252.34375
2020-10-21T10:38:10.830000+09:00	3243.75
2020-10-21T10:38:10.850000+09:00	3235.15625
2020-10-21T10:38:10.870000+09:00	3238.28125
2020-10-21T10:38:10.900000+09:00	3218.75
2020-10-21T10:38:10.920000+09:00	3218.75
2020-10-21T10:38:10.940000+09:00	3221.09375
2020-10-21T10:38:10.970000+09:00	3215.625
2020-10-21T10:38:10.990000+09:00	3191.40625
2020-10-21T10:38:11.010000+09:00	3185.9375
2020-10-21T10:38:11.040000+09:00	3153.90625
2020-10-21T10:38:11.060000+09:00	3125
2020-10-21T10:38:11.080000+09:00	3083.59375
2020-10-21T10:38:11.110000+09:00	3048.4375
2020-10-21T10:38:11.130000+09:00	3011.71875
2020-10-21T10:38:11.160000+09:00	2968.75
2020-10-21T10:38:11.180000+09:00	2931.25
2020-10-21T10:38:11.200000+09:00	2902.34375
2020-10-21T10:38:11.230000+09:00	2857.8125
2020-10-21T10:38:11.250000+09:00	2838.28125
2020-10-21T10:38:11.270000+09:00	2814.84375
2020-10-21T10:38:11.300000+09:00	2800
2020-10-21T10:38:11.320000+09:00	2789.84375
2020-10-21T10:38:11.340000+09:00	2775
2020-10-21T10:38:11.370000+09:00	2764.84375
2020-10-21T10:38:11.390000+09:00	2760.9375
2020-10-21T10:38:11.410000+09:00	2759.375
2020-10-21T10:38:11.440000+09:00	2739.0625
2020-10-21T10:38:11.460000+09:00	2740.625
2020-10-21T10:38:11.480000+09:00	2744.53125
2020-10-21T10:38:11.510000+09:00	2726.5625
2020-10-21T10:38:11.530000+09:00	2728.90625
2020-10-21T10:38:11.560000+09:00	2725
2020-10-21T10:38:11.580000+09:00	2714.84375
2020-10-21T10:38:11.600000+09:00	2721.09375
2020-10-21T10:38:11.630000+09:00	2717.1875
2020-10-21T10:38:11.650000+09:00	2714.84375
2020-10-21T10:38:11.670000+09:00	2726.5625
2020-10-21T10:38:11.700000+09:00	2717.1875
2020-10-21T10:38:11.720000+09:00	2713.28125
2020-10-21T10:38:11.740000+09:00	2722.65625
2020-10-21T10:38:11.770000+09:00	2718.75
2020-10-21T10:38:11.790000+09:00	2703.125
2020-10-21T10:38:11.810000+09:00	2693.75
2020-10-21T10:38:11.840000+09:00	2672.65625
2020-10-21T10:38:11.860000+09:00	2659.375
2020-10-21T10:38:11.890000+09:00	2638.28125
2020-10-21T10:38:11.910000+09:00	2623.4375
2020-10-21T10:38:11.930000+09:00	2591.40625
2020-10-21T10:38:11.960000+09:00	2569.53125
2020-10-21T10:38:11.980000+09:00	2553.90625
2020-10-21T10:38:12.000000+09:00	2532.03125
2020-10-21T10:38:12.030000+09:00	2514.84375
2020-10-21T10:38:12.050000+09:00	2511.71875
2020-10-21T10:38:12.070000+09:00	2492.96875
2020-10-21T10:38:12.100000+09:00	2484.375
2020-10-21T10:38:12.120000+09:00	2475
2020-10-21T10:38:12.140000+09:00	2464.84375
2020-10-21T10:38:12.170000+09:00	2460.15625
2020-10-21T10:38:12.190000+09:00	2455.46875
2020-10-21T10:38:12.220000+09:00	2452.34375
2020-10-21T10:38:12.240000+09:00	2449.21875
2020-10-21T10:38:12.260000+09:00	2447.65625
2020-10-21T10:38:12.290000+09:00	2447.65625
2020-10-21T10:38:12.310000+09:00	2441.40625
2020-10-21T10:38:12.330000+09:00	2434.375
2020-10-21T10:38:12.360000+09:00	2429.6875
2020-10-21T10:38:12.380000+09:00	2425
2020-10-21T10:38:12.400000+09:00	2414.0625
2020-10-21T10:38:12.430000+09:00	2415.625
2020-10-21T10:38:12.450000+09:00	2403.125
2020-10-21T10:38:12.470000+09:00	2399.21875
2020-10-21T10:38:12.500000+09:00	2396.09375
2020-10-21T10:38:12.520000+09:00	2392.96875
2020-10-21T10:38:12.540000+09:00	2388.28125
2020-10-21T10:38:12.570000+09:00	2388.28125
2020-10-21T10:38:12.590000+09:00	2383.59375
2020-10-21T10:38:12.620000+09:00	2378.90625
2020-10-21T10:38:12.640000+09:00	2391.40625
2020-10-21T10:38:12.660000+09:00	2385.15625
2020-10-21T10:38:12.690000+09:00	2388.28125
2020-10-21T10:38:12.710000+09:00	2388.28125
2020-10-21T10:38:12.730000+09:00	2389.84375
2020-10-21T10:38:12.760000+09:00	2388.28125
2020-10-21T10:38:12.780000+09:00	2394.53125
2020-10-21T10:38:12.800000+09:00	2392.96875
2020-10-21T10:38:12.830000+09:00	2388.28125
2020-10-21T10:38:12.850000+09:00	2391.40625
2020-10-21T10:38:12.870000+09:00	2396.09375
2020-10-21T10:38:12.900000+09:00	2394.53125
2020-10-21T10:38:12.920000+09:00	2397.65625
2020-10-21T10:38:12.950000+09:00	2401.5625
2020-10-21T10:38:12.970000+09:00	2399.21875
2020-10-21T10:38:12.990000+09:00	2404.6875
2020-10-21T10:38:13.020000+09:00	2412.5
2020-10-21T10:38:13.040000+09:00	2407.8125
2020-10-21T10:38:13.060000+09:00	2412.5
2020-10-21T10:38:13.090000+09:00	2418.75
2020-10-21T10:38:13.110000+09:00	2412.5
2020-10-21T10:38:13.130000+09:00	2421.875
2020-10-21T10:38:13.160000+09:00	2417.1875
2020-10-21T10:38:13.180000+09:00	2420.3125
2020-10-21T10:38:13.200000+09:00	2414.0625
2020-10-21T10:38:13.230000+09:00	2412.5
2020-10-21T10:38:13.250000+09:00	2410.9375
2020-10-21T10:38:13.270000+09:00	2409.375
2020-10-21T10:38:13.300000+09:00	2389.84375
2020-10-21T10:38:13.320000+09:00	2375.78125
2020-10-21T10:38:13.350000+09:00	2362.5
2020-10-21T10:38:13.370000+09:00	2346.09375
2020-10-21T10:38:13.390000+09:00	2332.03125
2020-10-21T10:38:13.420000+09:00	2315.625
2020-10-21T10:38:13.440000+09:00	2304.6875
2020-10-21T10:38:13.460000+09:00	2282.03125
2020-10-21T10:38:13.490000+09:00	2280.46875
2020-10-21T10:38:13.510000+09:00	2267.1875
2020-10-21T10:38:13.530000+09:00	2251.5625
2020-10-21T10:38:13.560000+09:00	2247.65625
2020-10-21T10:38:13.580000+09:00	2245.3125
2020-10-21T10:38:13.600000+09:00	2232.03125
2020-10-21T10:38:13.630000+09:00	2225
2020-10-21T10:38:13.650000+09:00	2228.90625
2020-10-21T10:38:13.680000+09:00	2205.46875
2020-10-21T10:38:13.700000+09:00	2205.46875
2020-10-21T10:38:13.720000+09:00	2203.90625
2020-10-21T10:38:13.750000+09:00	2181.25
2020-10-21T10:38:13.770000+09:00	2181.25
2020-10-21T10:38:13.790000+09:00	2179.6875
2020-10-21T10:38:13.820000+09:00	2163.28125
2020-10-21T10:38:13.840000+09:00	2150
2020-10-21T10:38:13.860000+09:00	2146.09375
2020-10-21T10:38:13.890000+09:00	2121.875
2020-10-21T10:38:13.910000+09:00	2119.53125
2020-10-21T10:38:13.930000+09:00	2113.28125
2020-10-21T10:38:13.960000+09:00	2103.125
2020-10-21T10:38:13.980000+09:00	2100.78125
2020-10-21T10:38:14.000000+09:00	2096.875
2020-10-21T10:38:14.030000+09:00	2089.84375
2020-10-21T10:38:14.050000+09:00	2087.5
2020-10-21T10:38:14.080000+09:00	2089.84375
2020-10-21T10:38:14.100000+09:00	2089.84375
2020-10-21T10:38:14.120000+09:00	2085.15625
2020-10-21T10:38:14.150000+09:00	2087.5
2020-10-21T10:38:14.170000+09:00	2084.375
2020-10-21T10:38:14.190000+09:00	2082.03125
2020-10-21T10:38:14.220000+09:00	2093.75
2020-10-21T10:38:14.240000+09:00	2087.5
2020-10-21T10:38:14.260000+09:00	2089.84375
2020-10-21T10:38:14.290000+09:00	2092.1875
2020-10-21T10:38:14.310000+09:00	2092.1875
2020-10-21T10:38:14.330000+09:00	2093.75
2020-10-21T10:38:14.360000+09:00	2099.21875
2020-10-21T10:38:14.380000+09:00	2105.46875
2020-10-21T10:38:14.410000+09:00	2115.625
2020-10-21T10:38:14.430000+09:00	2148.4375
2020-10-21T10:38:14.450000+09:00	2183.59375
2020-10-21T10:38:14.480000+09:00	2228.90625
2020-10-21T10:38:14.500000+09:00	2280.46875
2020-10-21T10:38:14.520000+09:00	2311.71875
2020-10-21T10:38:14.550000+09:00	2357.8125
2020-10-21T10:38:14.570000+09:00	2406.25
2020-10-21T10:38:14.590000+09:00	2441.40625
2020-10-21T10:38:14.620000+09:00	2476.5625
2020-10-21T10:38:14.640000+09:00	2504.6875
2020-10-21T10:38:14.660000+09:00	2528.125
2020-10-21T10:38:14.690000+09:00	2540.625
2020-10-21T10:38:14.710000+09:00	2557.8125
2020-10-21T10:38:14.740000+09:00	2582.03125
2020-10-21T10:38:14.760000+09:00	2598.4375
2020-10-21T10:38:14.780000+09:00	2623.4375
2020-10-21T10:38:14.810000+09:00	2635.15625
2020-10-21T10:38:14.830000+09:00	2653.90625
2020-10-21T10:38:14.850000+09:00	2670.3125
2020-10-21T10:38:14.880000+09:00	2678.125
2020-10-21T10:38:14.900000+09:00	2693.75
2020-10-21T10:38:14.920000+09:00	2707.03125
2020-10-21T10:38:14.950000+09:00	2718.75
2020-10-21T10:38:14.970000+09:00	2722.65625
2020-10-21T10:38:14.990000+09:00	2735.15625
2020-10-21T10:38:15.020000+09:00	2739.0625
2020-10-21T10:38:15.040000+09:00	2744.53125
2020-10-21T10:38:15.060000+09:00	2750.78125
2020-10-21T10:38:15.090000+09:00	2750.78125
2020-10-21T10:38:15.110000+09:00	2753.125
2020-10-21T10:38:15.140000+09:00	2754.6875
2020-10-21T10:38:15.160000+09:00	2764.84375
2020-10-21T10:38:15.180000+09:00	2763.28125
2020-10-21T10:38:15.210000+09:00	2759.375
2020-10-21T10:38:15.230000+09:00	2759.375
2020-10-21T10:38:15.250000+09:00	2750.78125
2020-10-21T10:38:15.280000+09:00	2757.03125
2020-10-21T10:38:15.300000+09:00	2750.78125
2020-10-21T10:38:15.320000+09:00	2746.875
2020-10-21T10:38:15.350000+09:00	2746.875
2020-10-21T10:38:15.370000+09:00	2744.53125
2020-10-21T10:38:15.390000+09:00	2744.53125
2020-10-21T10:38:15.420000+09:00	2742.96875
2020-10-21T10:38:15.440000+09:00	2749.21875
2020-10-21T10:38:15.470000+09:00	2736.71875
2020-10-21T10:38:15.490000+09:00	2739.0625
2020-10-21T10:38:15.510000+09:00	2739.0625
2020-10-21T10:38:15.540000+09:00	2735.15625
2020-10-21T10:38:15.560000+09:00	2726.5625
2020-10-21T10:38:15.580000+09:00	2730.46875
2020-10-21T10:38:15.610000+09:00	2721.09375
2020-10-21T10:38:15.630000+09:00	2721.09375
2020-10-21T10:38:15.650000+09:00	2725
2020-10-21T10:38:15.680000+09:00	2717.1875
2020-10-21T10:38:15.700000+09:00	2717.1875
2020-10-21T10:38:15.720000+09:00	2717.1875
2020-10-21T10:38:15.750000+09:00	2714.84375
2020-10-21T10:38:15.770000+09:00	2713.28125
2020-10-21T10:38:15.800000+09:00	2718.75
2020-10-21T10:38:15.820000+09:00	2707.03125
2020-10-21T10:38:15.840000+09:00	2707.03125
2020-10-21T10:38:15.870000+09:00	2718.75
2020-10-21T10:38:15.890000+09:00	2707.03125
2020-10-21T10:38:15.910000+09:00	2703.125
2020-10-21T10:38:15.940000+09:00	2713.28125
2020-10-21T10:38:15.960000+09:00	2699.21875
2020-10-21T10:38:15.980000+09:00	2699.21875
2020-10-21T10:38:16.010000+09:00	2699.21875
2020-10-21T10:38:16.030000+09:00	2701.5625
2020-10-21T10:38:16.050000+09:00	2695.3125
2020-10-21T10:38:16.080000+09:00	2701.5625
2020-10-21T10:38:16.100000+09:00	2701.5625
2020-10-21T10:38:16.120000+09:00	2701.5625
2020-10-21T10:38:16.150000+09:00	2709.375
2020-10-21T10:38:16.170000+09:00	2707.03125
2020-10-21T10:38:16.200000+09:00	2701.5625
2020-10-21T10:38:16.220000+09:00	2709.375
2020-10-21T10:38:16.240000+09:00	2710.9375
2020-10-21T10:38:16.270000+09:00	2703.125
2020-10-21T10:38:16.290000+09:00	2709.375
2020-10-21T10:38:16.310000+09:00	2691.40625
2020-10-21T10:38:16.340000+09:00	2678.125
2020-10-21T10:38:16.360000+09:00	2676.5625
2020-10-21T10:38:16.380000+09:00	2653.90625
2020-10-21T10:38:16.410000+09:00	2640.625
2020-10-21T10:38:16.430000+09:00	2631.25
2020-10-21T10:38:16.450000+09:00	2610.9375
2020-10-21T10:38:16.480000+09:00	2584.375
2020-10-21T10:38:16.500000+09:00	2573.4375
2020-10-21T10:38:16.530000+09:00	2549.21875
2020-10-21T10:38:16.550000+09:00	2529.6875
2020-10-21T10:38:16.570000+09:00	2517.96875
2020-10-21T10:38:16.600000+09:00	2501.5625
2020-10-21T10:38:16.620000+09:00	2486.71875
2020-10-21T10:38:16.640000+09:00	2461.71875
2020-10-21T10:38:16.670000+09:00	2455.46875
2020-10-21T10:38:16.690000+09:00	2437.5
2020-10-21T10:38:16.710000+09:00	2417.1875
2020-10-21T10:38:16.740000+09:00	2414.0625
2020-10-21T10:38:16.760000+09:00	2399.21875
2020-10-21T10:38:16.780000+09:00	2396.09375
2020-10-21T10:38:16.810000+09:00	2391.40625
2020-10-21T10:38:16.830000+09:00	2388.28125
2020-10-21T10:38:16.860000+09:00	2374.21875
2020-10-21T10:38:16.880000+09:00	2372.65625
2020-10-21T10:38:16.900000+09:00	2370.3125
2020-10-21T10:38:16.930000+09:00	2357.8125
2020-10-21T10:38:16.950000+09:00	2359.375
2020-10-21T10:38:16.970000+09:00	2353.90625
2020-10-21T10:38:17.000000+09:00	2340.625
2020-10-21T10:38:17.020000+09:00	2340.625
2020-10-21T10:38:17.040000+09:00	2340.625
2020-10-21T10:38:17.070000+09:00	2332.03125
2020-10-21T10:38:17.090000+09:00	2335.9375
2020-10-21T10:38:17.110000+09:00	2339.0625
2020-10-21T10:38:17.140000+09:00	2332.03125
2020-10-21T10:38:17.160000+09:00	2332.8125
2020-10-21T10:38:17.180000+09:00	2334.375
2020-10-21T10:38:17.210000+09:00	2330.46875
2020-10-21T10:38:17.230000+09:00	2332.03125
2020-10-21T10:38:17.260000+09:00	2337.5
2020-10-21T10:38:17.280000+09:00	2330.46875
2020-10-21T10:38:17.300000+09:00	2337.5
2020-10-21T10:38:17.330000+09:00	2342.1875
2020-10-21T10:38:17.350000+09:00	2337.5
2020-10-21T10:38:17.370000+09:00	2346.09375
2020-10-21T10:38:17.400000+09:00	2346.09375
2020-10-21T10:38:17.420000+09:00	2347.65625
2020-10-21T10:38:17.440000+09:00	2346.09375
2020-10-21T10:38:17.470000+09:00	2353.90625
2020-10-21T10:38:17.490000+09:00	2349.21875
2020-10-21T10:38:17.510000+09:00	2343.75
2020-10-21T10:38:17.540000+09:00	2349.21875
2020-10-21T10:38:17.560000+09:00	2350.78125
2020-10-21T10:38:17.580000+09:00	2349.21875
2020-10-21T10:38:17.610000+09:00	2357.8125
2020-10-21T10:38:17.630000+09:00	2364.0625
2020-10-21T10:38:17.660000+09:00	2367.1875
2020-10-21T10:38:17.680000+09:00	2388.28125
2020-10-21T10:38:17.700000+09:00	2397.65625
2020-10-21T10:38:17.730000+09:00	2409.375
2020-10-21T10:38:17.750000+09:00	2428.125
2020-10-21T10:38:17.770000+09:00	2441.40625
2020-10-21T10:38:17.800000+09:00	2447.65625
2020-10-21T10:38:17.820000+09:00	2464.84375
2020-10-21T10:38:17.840000+09:00	2473.4375
2020-10-21T10:38:17.870000+09:00	2479.6875
2020-10-21T10:38:17.890000+09:00	2500
2020-10-21T10:38:17.910000+09:00	2504.6875
2020-10-21T10:38:17.940000+09:00	2509.375
2020-10-21T10:38:17.960000+09:00	2536.71875
2020-10-21T10:38:17.990000+09:00	2550.78125
2020-10-21T10:38:18.010000+09:00	2564.84375
2020-10-21T10:38:18.030000+09:00	2591.40625
2020-10-21T10:38:18.060000+09:00	2607.03125
2020-10-21T10:38:18.080000+09:00	2607.03125
2020-10-21T10:38:18.100000+09:00	2629.6875
2020-10-21T10:38:18.130000+09:00	2647.65625
2020-10-21T10:38:18.150000+09:00	2655.46875
2020-10-21T10:38:18.170000+09:00	2680.46875
2020-10-21T10:38:18.200000+09:00	2683.59375
2020-10-21T10:38:18.220000+09:00	2687.5
2020-10-21T10:38:18.240000+09:00	2703.125
2020-10-21T10:38:18.270000+09:00	2707.03125
2020-10-21T10:38:18.290000+09:00	2718.75
2020-10-21T10:38:18.320000+09:00	2718.75
2020-10-21T10:38:18.340000+09:00	2728.90625
2020-10-21T10:38:18.360000+09:00	2726.5625
2020-10-21T10:38:18.390000+09:00	2732.8125
2020-10-21T10:38:18.410000+09:00	2739.0625
2020-10-21T10:38:18.430000+09:00	2742.96875
2020-10-21T10:38:18.460000+09:00	2746.875
2020-10-21T10:38:18.480000+09:00	2742.96875
2020-10-21T10:38:18.500000+09:00	2749.21875
2020-10-21T10:38:18.530000+09:00	2746.875
2020-10-21T10:38:18.550000+09:00	2746.875
2020-10-21T10:38:18.570000+09:00	2739.0625
2020-10-21T10:38:18.600000+09:00	2740.625
2020-10-21T10:38:18.620000+09:00	2730.46875
2020-10-21T10:38:18.640000+09:00	2732.8125
2020-10-21T10:38:18.670000+09:00	2732.8125
2020-10-21T10:38:18.690000+09:00	2725
2020-10-21T10:38:18.720000+09:00	2726.5625
2020-10-21T10:38:18.740000+09:00	2722.65625
2020-10-21T10:38:18.760000+09:00	2725
2020-10-21T10:38:18.790000+09:00	2726.5625
2020-10-21T10:38:18.810000+09:00	2726.5625
2020-10-21T10:38:18.830000+09:00	2717.1875
2020-10-21T10:38:18.860000+09:00	2710.9375
2020-10-21T10:38:18.880000+09:00	2703.125
2020-10-21T10:38:18.900000+09:00	2682.03125
2020-10-21T10:38:18.930000+09:00	2659.375
2020-10-21T10:38:18.950000+09:00	2636.71875
2020-10-21T10:38:18.970000+09:00	2609.375
2020-10-21T10:38:19.000000+09:00	2587.5
2020-10-21T10:38:19.020000+09:00	2560.9375
2020-10-21T10:38:19.050000+09:00	2553.90625
2020-10-21T10:38:19.070000+09:00	2526.5625
2020-10-21T10:38:19.090000+09:00	2507.8125
2020-10-21T10:38:19.120000+09:00	2494.53125
2020-10-21T10:38:19.140000+09:00	2482.8125
2020-10-21T10:38:19.160000+09:00	2466.40625
2020-10-21T10:38:19.190000+09:00	2473.4375
2020-10-21T10:38:19.210000+09:00	2458.59375
2020-10-21T10:38:19.230000+09:00	2455.46875
2020-10-21T10:38:19.260000+09:00	2458.59375
2020-10-21T10:38:19.280000+09:00	2470.3125
2020-10-21T10:38:19.300000+09:00	2460.15625
2020-10-21T10:38:19.330000+09:00	2484.375
2020-10-21T10:38:19.350000+09:00	2503.125
2020-10-21T10:38:19.370000+09:00	2496.09375
2020-10-21T10:38:19.400000+09:00	2523.4375
2020-10-21T10:38:19.420000+09:00	2533.59375
2020-10-21T10:38:19.450000+09:00	2543.75
2020-10-21T10:38:19.470000+09:00	2557.8125
2020-10-21T10:38:19.490000+09:00	2575
2020-10-21T10:38:19.520000+09:00	2592.96875
2020-10-21T10:38:19.540000+09:00	2603.90625
2020-10-21T10:38:19.560000+09:00	2616.40625
2020-10-21T10:38:19.590000+09:00	2623.4375
2020-10-21T10:38:19.610000+09:00	2642.1875
2020-10-21T10:38:19.630000+09:00	2651.5625
2020-10-21T10:38:19.660000+09:00	2670.3125
2020-10-21T10:38:19.680000+09:00	2691.40625
2020-10-21T10:38:19.700000+09:00	2699.21875
2020-10-21T10:38:19.730000+09:00	2714.84375
2020-10-21T10:38:19.750000+09:00	2739.0625
2020-10-21T10:38:19.780000+09:00	2750.78125
2020-10-21T10:38:19.800000+09:00	2759.375
2020-10-21T10:38:19.820000+09:00	2779.6875
2020-10-21T10:38:19.850000+09:00	2792.1875
2020-10-21T10:38:19.870000+09:00	2806.25
2020-10-21T10:38:19.890000+09:00	2821.09375
2020-10-21T10:38:19.920000+09:00	2829.6875
2020-10-21T10:38:19.940000+09:00	2834.375
2020-10-21T10:38:19.960000+09:00	2844.53125
2020-10-21T10:38:19.990000+09:00	2844.53125
2020-10-21T10:38:20.010000+09:00	2849.21875
2020-10-21T10:38:20.030000+09:00	2851.5625
2020-10-21T10:38:20.060000+09:00	2849.21875
2020-10-21T10:38:20.080000+09:00	2853.125
2020-10-21T10:38:20.110000+09:00	2857.8125
2020-10-21T10:38:20.130000+09:00	2855.46875
2020-10-21T10:38:20.150000+09:00	2853.125
2020-10-21T10:38:20.180000+09:00	2855.46875
2020-10-21T10:38:20.200000+09:00	2853.125
2020-10-21T10:38:20.220000+09:00	2849.21875
2020-10-21T10:38:20.250000+09:00	2849.21875
2020-10-21T10:38:20.270000+09:00	2853.125
2020-10-21T10:38:20.290000+09:00	2855.46875
2020-10-21T10:38:20.320000+09:00	2851.5625
2020-10-21T10:38:20.340000+09:00	2846.875
2020-10-21T10:38:20.360000+09:00	2853.125
2020-10-21T10:38:20.390000+09:00	2846.875
2020-10-21T10:38:20.410000+09:00	2846.875
2020-10-21T10:38:20.440000+09:00	2844.53125
2020-10-21T10:38:20.460000+09:00	2844.53125
2020-10-21T10:38:20.480000+09:00	2849.21875
2020-10-21T10:38:20.510000+09:00	2842.96875
2020-10-21T10:38:20.530000+09:00	2838.28125
2020-10-21T10:38:20.550000+09:00	2840.625
2020-10-21T10:38:20.580000+09:00	2835.9375
2020-10-21T10:38:20.600000+09:00	2832.03125
2020-10-21T10:38:20.620000+09:00	2827.34375
2020-10-21T10:38:20.650000+09:00	2827.34375
2020-10-21T10:38:20.670000+09:00	2832.03125
2020-10-21T10:38:20.690000+09:00	2835.9375
2020-10-21T10:38:20.720000+09:00	2835.9375
2020-10-21T10:38:20.740000+09:00	2838.28125
2020-10-21T10:38:20.760000+09:00	2842.96875
2020-10-21T10:38:20.790000+09:00	2844.53125
2020-10-21T10:38:20.810000+09:00	2838.28125
2020-10-21T10:38:20.840000+09:00	2844.53125
2020-10-21T10:38:20.860000+09:00	2853.125
2020-10-21T10:38:20.880000+09:00	2855.46875
2020-10-21T10:38:20.910000+09:00	2851.5625
2020-10-21T10:38:20.930000+09:00	2862.5
2020-10-21T10:38:20.950000+09:00	2862.5
2020-10-21T10:38:20.980000+09:00	2862.5
2020-10-21T10:38:21.000000+09:00	2857.8125
2020-10-21T10:38:21.020000+09:00	2857.8125
2020-10-21T10:38:21.050000+09:00	2860.15625
2020-10-21T10:38:21.070000+09:00	2871.09375
2020-10-21T10:38:21.090000+09:00	2866.40625
2020-10-21T10:38:21.120000+09:00	2871.09375
2020-10-21T10:38:21.140000+09:00	2879.6875
2020-10-21T10:38:21.160000+09:00	2873.4375
2020-10-21T10:38:21.190000+09:00	2873.4375
2020-10-21T10:38:21.210000+09:00	2879.6875
2020-10-21T10:38:21.240000+09:00	2892.96875
2020-10-21T10:38:21.260000+09:00	2895.3125
2020-10-21T10:38:21.280000+09:00	2908.59375
2020-10-21T10:38:21.310000+09:00	2920.3125
2020-10-21T10:38:21.330000+09:00	2931.25
2020-10-21T10:38:21.350000+09:00	2950
2020-10-21T10:38:21.380000+09:00	2973.4375
2020-10-21T10:38:21.400000+09:00	3009.375
2020-10-21T10:38:21.420000+09:00	3038.28125
2020-10-21T10:38:21.450000+09:00	3063.28125
2020-10-21T10:38:21.470000+09:00	3088.28125
2020-10-21T10:38:21.490000+09:00	3106.25
2020-10-21T10:38:21.520000+09:00	3125
2020-10-21T10:38:21.540000+09:00	3161.71875
2020-10-21T10:38:21.570000+09:00	3161.71875
2020-10-21T10:38:21.590000+09:00	3182.8125
2020-10-21T10:38:21.610000+09:00	3199.21875
2020-10-21T10:38:21.640000+09:00	3199.21875
2020-10-21T10:38:21.660000+09:00	3210.15625
2020-10-21T10:38:21.680000+09:00	3210.15625
2020-10-21T10:38:21.710000+09:00	3221.09375
2020-10-21T10:38:21.730000+09:00	3226.5625
2020-10-21T10:38:21.750000+09:00	3235.15625
2020-10-21T10:38:21.780000+09:00	3235.15625
2020-10-21T10:38:21.800000+09:00	3238.28125
2020-10-21T10:38:21.820000+09:00	3249.21875
2020-10-21T10:38:21.850000+09:00	3235.15625
2020-10-21T10:38:21.870000+09:00	3238.28125
2020-10-21T10:38:21.900000+09:00	3240.625
2020-10-21T10:38:21.920000+09:00	3232.03125
2020-10-21T10:38:21.940000+09:00	3240.625
2020-10-21T10:38:21.970000+09:00	3229.6875
2020-10-21T10:38:21.990000+09:00	3229.6875
2020-10-21T10:38:22.010000+09:00	3232.03125
2020-10-21T10:38:22.040000+09:00	3238.28125
2020-10-21T10:38:22.060000+09:00	3213.28125
2020-10-21T10:38:22.080000+09:00	3232.03125
2020-10-21T10:38:22.110000+09:00	3229.6875
2020-10-21T10:38:22.130000+09:00	3207.8125
2020-10-21T10:38:22.150000+09:00	3229.6875
2020-10-21T10:38:22.180000+09:00	3215.625
2020-10-21T10:38:22.200000+09:00	3196.875
2020-10-21T10:38:22.220000+09:00	3207.8125
2020-10-21T10:38:22.250000+09:00	3210.15625
2020-10-21T10:38:22.270000+09:00	3199.21875
2020-10-21T10:38:22.300000+09:00	3196.875
2020-10-21T10:38:22.320000+09:00	3193.75
2020-10-21T10:38:22.340000+09:00	3193.75
2020-10-21T10:38:22.370000+09:00	3193.75
2020-10-21T10:38:22.390000+09:00	3182.8125
2020-10-21T10:38:22.410000+09:00	3182.8125
2020-10-21T10:38:22.440000+09:00	3182.8125
2020-10-21T10:38:22.460000+09:00	3185.9375
2020-10-21T10:38:22.480000+09:00	3175
2020-10-21T10:38:22.510000+09:00	3175
2020-10-21T10:38:22.530000+09:00	3175
2020-10-21T10:38:22.550000+09:00	3169.53125
2020-10-21T10:38:22.580000+09:00	3169.53125
2020-10-21T10:38:22.600000+09:00	3161.71875
2020-10-21T10:38:22.630000+09:00	3156.25
2020-10-21T10:38:22.650000+09:00	3167.1875
2020-10-21T10:38:22.670000+09:00	3161.71875
2020-10-21T10:38:22.700000+09:00	3150.78125
2020-10-21T10:38:22.720000+09:00	3158.59375
2020-10-21T10:38:22.740000+09:00	3140.625
2020-10-21T10:38:22.770000+09:00	3121.875
2020-10-21T10:38:22.790000+09:00	3119.53125
2020-10-21T10:38:22.810000+09:00	3081.25
2020-10-21T10:38:22.840000+09:00	3050.78125
2020-10-21T10:38:22.860000+09:00	3031.25
2020-10-21T10:38:22.880000+09:00	2987.5
2020-10-21T10:38:22.910000+09:00	2935.9375
2020-10-21T10:38:22.930000+09:00	2910.9375
2020-10-21T10:38:22.960000+09:00	2862.5
2020-10-21T10:38:22.980000+09:00	2827.34375
2020-10-21T10:38:23.000000+09:00	2804.6875
2020-10-21T10:38:23.030000+09:00	2757.03125
2020-10-21T10:38:23.050000+09:00	2714.84375
2020-10-21T10:38:23.070000+09:00	2674.21875
2020-10-21T10:38:23.100000+09:00	2627.34375
2020-10-21T10:38:23.120000+09:00	2592.96875
2020-10-21T10:38:23.140000+09:00	2553.90625
2020-10-21T10:38:23.170000+09:00	2535.15625
2020-10-21T10:38:23.190000+09:00	2501.5625
2020-10-21T10:38:23.210000+09:00	2470.3125
2020-10-21T10:38:23.240000+09:00	2432.8125
2020-10-21T10:38:23.260000+09:00	2401.5625
2020-10-21T10:38:23.280000+09:00	2370.3125
2020-10-21T10:38:23.310000+09:00	2334.375
2020-10-21T10:38:23.330000+09:00	2294.53125
2020-10-21T10:38:23.360000+09:00	2265.625
2020-10-21T10:38:23.380000+09:00	2232.8125
2020-10-21T10:38:23.400000+09:00	2196.09375
2020-10-21T10:38:23.430000+09:00	2169.53125
2020-10-21T10:38:23.450000+09:00	2131.25
2020-10-21T10:38:23.470000+09:00	2107.8125
2020-10-21T10:38:23.500000+09:00	2070.3125
2020-10-21T10:38:23.520000+09:00	2035.15625
2020-10-21T10:38:23.540000+09:00	2003.90625
2020-10-21T10:38:23.570000+09:00	1979.6875
2020-10-21T10:38:23.590000+09:00	1943.75
2020-10-21T10:38:23.610000+09:00	1915.625
2020-10-21T10:38:23.640000+09:00	1881.25
2020-10-21T10:38:23.660000+09:00	1850.78125
2020-10-21T10:38:23.690000+09:00	1828.90625
2020-10-21T10:38:23.710000+09:00	1801.5625
2020-10-21T10:38:23.730000+09:00	1790.625
2020-10-21T10:38:23.760000+09:00	1792.96875
2020-10-21T10:38:23.780000+09:00	1792.1875
2020-10-21T10:38:23.800000+09:00	1790.625
2020-10-21T10:38:23.830000+09:00	1815.625
2020-10-21T10:38:23.850000+09:00	1834.375
2020-10-21T10:38:23.870000+09:00	1845.3125
2020-10-21T10:38:23.900000+09:00	1893.75
2020-10-21T10:38:23.920000+09:00	1914.0625
2020-10-21T10:38:23.940000+09:00	1928.90625
2020-10-21T10:38:23.970000+09:00	1978.125
2020-10-21T10:38:23.990000+09:00	2006.25
2020-10-21T10:38:24.020000+09:00	2035.15625
2020-10-21T10:38:24.040000+09:00	2084.375
2020-10-21T10:38:24.060000+09:00	2096.875
2020-10-21T10:38:24.090000+09:00	2130.46875
2020-10-21T10:38:24.110000+09:00	2150
2020-10-21T10:38:24.130000+09:00	2157.03125
2020-10-21T10:38:24.160000+09:00	2181.25
2020-10-21T10:38:24.180000+09:00	2195.3125
2020-10-21T10:38:24.200000+09:00	2209.375
2020-10-21T10:38:24.230000+09:00	2219.53125
2020-10-21T10:38:24.250000+09:00	2222.65625
2020-10-21T10:38:24.270000+09:00	2223.4375
2020-10-21T10:38:24.300000+09:00	2245.3125
2020-10-21T10:38:24.320000+09:00	2245.3125
2020-10-21T10:38:24.340000+09:00	2234.375
2020-10-21T10:38:24.370000+09:00	2249.21875
2020-10-21T10:38:24.390000+09:00	2218.75
2020-10-21T10:38:24.420000+09:00	2193.75
2020-10-21T10:38:24.440000+09:00	2164.84375
2020-10-21T10:38:24.460000+09:00	2125.78125
2020-10-21T10:38:24.490000+09:00	2082.8125
2020-10-21T10:38:24.510000+09:00	2064.84375
2020-10-21T10:38:24.530000+09:00	2032.03125
2020-10-21T10:38:24.560000+09:00	1986.71875
2020-10-21T10:38:24.580000+09:00	1954.6875
2020-10-21T10:38:24.600000+09:00	1929.6875
2020-10-21T10:38:24.630000+09:00	1903.90625
2020-10-21T10:38:24.650000+09:00	1866.40625
2020-10-21T10:38:24.670000+09:00	1839.0625
2020-10-21T10:38:24.700000+09:00	1827.34375
2020-10-21T10:38:24.720000+09:00	1796.09375
2020-10-21T10:38:24.750000+09:00	1771.875
2020-10-21T10:38:24.770000+09:00	1751.5625
2020-10-21T10:38:24.790000+09:00	1742.96875
2020-10-21T10:38:24.820000+09:00	1716.40625
2020-10-21T10:38:24.840000+09:00	1708.59375
2020-10-21T10:38:24.860000+09:00	1700
2020-10-21T10:38:24.890000+09:00	1682.8125
2020-10-21T10:38:24.910000+09:00	1677.34375
2020-10-21T10:38:24.930000+09:00	1671.09375
2020-10-21T10:38:24.960000+09:00	1650.78125
2020-10-21T10:38:24.980000+09:00	1643.75
2020-10-21T10:38:25.000000+09:00	1635.15625
2020-10-21T10:38:25.030000+09:00	1607.8125
2020-10-21T10:38:25.050000+09:00	1597.65625
2020-10-21T10:38:25.070000+09:00	1586.71875
2020-10-21T10:38:25.100000+09:00	1562.5
2020-10-21T10:38:25.120000+09:00	1546.09375
2020-10-21T10:38:25.150000+09:00	1532.03125
2020-10-21T10:38:25.170000+09:00	1507.8125
2020-10-21T10:38:25.190000+09:00	1495.3125
2020-10-21T10:38:25.220000+09:00	1486.71875
2020-10-21T10:38:25.240000+09:00	1471.09375
2020-10-21T10:38:25.260000+09:00	1461.71875
2020-10-21T10:38:25.290000+09:00	1471.09375
2020-10-21T10:38:25.310000+09:00	1463.28125
2020-10-21T10:38:25.330000+09:00	1472.65625
2020-10-21T10:38:25.360000+09:00	1502.34375
2020-10-21T10:38:25.380000+09:00	1529.6875
2020-10-21T10:38:25.400000+09:00	1565.625
2020-10-21T10:38:25.430000+09:00	1615.625
2020-10-21T10:38:25.450000+09:00	1637.5
2020-10-21T10:38:25.480000+09:00	1680.46875
2020-10-21T10:38:25.500000+09:00	1721.875
2020-10-21T10:38:25.520000+09:00	1759.375
2020-10-21T10:38:25.550000+09:00	1800.78125
2020-10-21T10:38:25.570000+09:00	1830.46875
2020-10-21T10:38:25.590000+09:00	1864.0625
2020-10-21T10:38:25.620000+09:00	1882.8125
2020-10-21T10:38:25.640000+09:00	1903.90625
2020-10-21T10:38:25.660000+09:00	1929.6875
2020-10-21T10:38:25.690000+09:00	1939.84375
2020-10-21T10:38:25.710000+09:00	1963.28125
2020-10-21T10:38:25.730000+09:00	1979.6875
2020-10-21T10:38:25.760000+09:00	1986.71875
2020-10-21T10:38:25.780000+09:00	2003.90625
2020-10-21T10:38:25.800000+09:00	2013.28125
2020-10-21T10:38:25.830000+09:00	2004.6875
2020-10-21T10:38:25.850000+09:00	2018.75
2020-10-21T10:38:25.880000+09:00	2009.375
2020-10-21T10:38:25.900000+09:00	2006.25
2020-10-21T10:38:25.920000+09:00	2003.125
2020-10-21T10:38:25.950000+09:00	1997.65625
2020-10-21T10:38:25.970000+09:00	1982.8125
2020-10-21T10:38:25.990000+09:00	1967.96875
