Time	SpeedSignalFreq	Speed
2020-10-21T10:37:56.000000+09:00	13	154.25
2020-10-21T10:37:56.020000+09:00	18	154.15
2020-10-21T10:37:56.050000+09:00	23	154.25
2020-10-21T10:37:56.070000+09:00	29	154.23
2020-10-21T10:37:56.100000+09:00	34	154.25
2020-10-21T10:37:56.120000+09:00	40	154.31
2020-10-21T10:37:56.150000+09:00	45	154.25
2020-10-21T10:37:56.170000+09:00	51	154.27
2020-10-21T10:37:56.200000+09:00	56	154.27
2020-10-21T10:37:56.220000+09:00	62	154.27
2020-10-21T10:37:56.250000+09:00	3	154.3
2020-10-21T10:37:56.270000+09:00	8	154.33
2020-10-21T10:37:56.300000+09:00	14	154.11
2020-10-21T10:37:56.320000+09:00	19	154.25
2020-10-21T10:37:56.350000+09:00	25	154.24
2020-10-21T10:37:56.370000+09:00	30	154.22
2020-10-21T10:37:56.400000+09:00	36	154.12
2020-10-21T10:37:56.420000+09:00	41	154.26
2020-10-21T10:37:56.450000+09:00	47	154.29
2020-10-21T10:37:56.470000+09:00	52	154.27
2020-10-21T10:37:56.500000+09:00	58	154.21
2020-10-21T10:37:56.520000+09:00	63	154.21
2020-10-21T10:37:56.550000+09:00	4	154.31
2020-10-21T10:37:56.570000+09:00	10	154.29
2020-10-21T10:37:56.600000+09:00	15	154.3
2020-10-21T10:37:56.620000+09:00	21	154.27
2020-10-21T10:37:56.650000+09:00	26	154.21
2020-10-21T10:37:56.670000+09:00	32	154.38
2020-10-21T10:37:56.700000+09:00	37	154.3
2020-10-21T10:37:56.720000+09:00	43	154.42
2020-10-21T10:37:56.750000+09:00	48	154.3
2020-10-21T10:37:56.770000+09:00	53	154.28
2020-10-21T10:37:56.800000+09:00	59	154.49
2020-10-21T10:37:56.820000+09:00	0	154.39
2020-10-21T10:37:56.850000+09:00	6	154.28
2020-10-21T10:37:56.870000+09:00	11	154.43
2020-10-21T10:37:56.900000+09:00	17	154.33
2020-10-21T10:37:56.920000+09:00	22	154.3
2020-10-21T10:37:56.950000+09:00	28	154.34
2020-10-21T10:37:56.970000+09:00	33	154.33
2020-10-21T10:37:57.000000+09:00	38	154.31
2020-10-21T10:37:57.020000+09:00	44	154.32
2020-10-21T10:37:57.040000+09:00	49	154.19
2020-10-21T10:37:57.070000+09:00	55	154.28
2020-10-21T10:37:57.090000+09:00	60	154.44
2020-10-21T10:37:57.120000+09:00	1	154.19
2020-10-21T10:37:57.140000+09:00	7	154.25
2020-10-21T10:37:57.170000+09:00	12	154.22
2020-10-21T10:37:57.190000+09:00	18	154.14
2020-10-21T10:37:57.220000+09:00	23	154.32
2020-10-21T10:37:57.240000+09:00	28	154.46
2020-10-21T10:37:57.270000+09:00	34	154.25
2020-10-21T10:37:57.290000+09:00	39	154.42
2020-10-21T10:37:57.320000+09:00	45	154.36
2020-10-21T10:37:57.340000+09:00	51	154.42
2020-10-21T10:37:57.370000+09:00	56	154.41
2020-10-21T10:37:57.390000+09:00	62	154.37
2020-10-21T10:37:57.420000+09:00	3	154.32
2020-10-21T10:37:57.450000+09:00	9	154.51
2020-10-21T10:37:57.470000+09:00	15	154.24
2020-10-21T10:37:57.500000+09:00	20	154.45
2020-10-21T10:37:57.520000+09:00	26	154.37
2020-10-21T10:37:57.550000+09:00	31	154.44
2020-10-21T10:37:57.570000+09:00	37	154.35
2020-10-21T10:37:57.600000+09:00	42	154.47
2020-10-21T10:37:57.620000+09:00	48	154.34
2020-10-21T10:37:57.650000+09:00	54	154.55
2020-10-21T10:37:57.680000+09:00	59	154.35
2020-10-21T10:37:57.700000+09:00	1	154.46
2020-10-21T10:37:57.730000+09:00	6	154.4
2020-10-21T10:37:57.750000+09:00	12	154.47
2020-10-21T10:37:57.780000+09:00	18	154.42
2020-10-21T10:37:57.800000+09:00	23	154.36
2020-10-21T10:37:57.830000+09:00	29	154.4
2020-10-21T10:37:57.860000+09:00	34	154.37
2020-10-21T10:37:57.880000+09:00	40	154.42
2020-10-21T10:37:57.910000+09:00	46	154.56
2020-10-21T10:37:57.930000+09:00	51	154.39
2020-10-21T10:37:57.960000+09:00	56	154.47
2020-10-21T10:37:57.980000+09:00	62	154.55
2020-10-21T10:37:58.000000+09:00	3	154.53
2020-10-21T10:37:58.030000+09:00	9	154.44
2020-10-21T10:37:58.050000+09:00	14	154.42
2020-10-21T10:37:58.080000+09:00	19	154.36
2020-10-21T10:37:58.100000+09:00	25	154.37
2020-10-21T10:37:58.130000+09:00	30	154.42
2020-10-21T10:37:58.150000+09:00	36	154.46
2020-10-21T10:37:58.180000+09:00	41	154.43
2020-10-21T10:37:58.200000+09:00	46	154.48
2020-10-21T10:37:58.230000+09:00	52	154.46
2020-10-21T10:37:58.250000+09:00	57	154.47
2020-10-21T10:37:58.280000+09:00	63	154.56
2020-10-21T10:37:58.300000+09:00	4	154.24
2020-10-21T10:37:58.320000+09:00	9	154.5
2020-10-21T10:37:58.350000+09:00	15	154.51
2020-10-21T10:37:58.370000+09:00	20	154.6
2020-10-21T10:37:58.400000+09:00	25	154.48
2020-10-21T10:37:58.420000+09:00	31	154.6
2020-10-21T10:37:58.450000+09:00	36	154.59
2020-10-21T10:37:58.470000+09:00	42	154.56
2020-10-21T10:37:58.500000+09:00	47	154.54
2020-10-21T10:37:58.520000+09:00	52	154.61
2020-10-21T10:37:58.550000+09:00	58	154.62
2020-10-21T10:37:58.570000+09:00	63	154.68
2020-10-21T10:37:58.600000+09:00	5	154.56
2020-10-21T10:37:58.620000+09:00	10	154.66
2020-10-21T10:37:58.650000+09:00	15	154.59
2020-10-21T10:37:58.670000+09:00	21	154.62
2020-10-21T10:37:58.690000+09:00	26	154.64
2020-10-21T10:37:58.720000+09:00	32	154.57
2020-10-21T10:37:58.740000+09:00	37	154.58
2020-10-21T10:37:58.770000+09:00	42	154.53
2020-10-21T10:37:58.790000+09:00	48	154.46
2020-10-21T10:37:58.820000+09:00	53	154.44
2020-10-21T10:37:58.840000+09:00	59	154.62
2020-10-21T10:37:58.870000+09:00	0	154.47
2020-10-21T10:37:58.890000+09:00	5	154.64
2020-10-21T10:37:58.920000+09:00	11	154.4
2020-10-21T10:37:58.940000+09:00	16	154.81
2020-10-21T10:37:58.970000+09:00	22	154.65
2020-10-21T10:37:58.990000+09:00	27	154.78
2020-10-21T10:37:59.020000+09:00	32	154.78
2020-10-21T10:37:59.040000+09:00	38	154.86
2020-10-21T10:37:59.060000+09:00	43	154.74
2020-10-21T10:37:59.090000+09:00	49	154.88
2020-10-21T10:37:59.110000+09:00	54	154.73
2020-10-21T10:37:59.140000+09:00	60	154.91
2020-10-21T10:37:59.160000+09:00	1	154.98
2020-10-21T10:37:59.190000+09:00	6	154.91
2020-10-21T10:37:59.210000+09:00	12	154.58
2020-10-21T10:37:59.240000+09:00	17	154.81
2020-10-21T10:37:59.260000+09:00	23	154.66
2020-10-21T10:37:59.290000+09:00	28	154.85
2020-10-21T10:37:59.310000+09:00	33	154.83
2020-10-21T10:37:59.340000+09:00	39	154.73
2020-10-21T10:37:59.360000+09:00	44	154.93
2020-10-21T10:37:59.390000+09:00	50	154.92
2020-10-21T10:37:59.410000+09:00	55	154.76
2020-10-21T10:37:59.430000+09:00	60	154.74
2020-10-21T10:37:59.460000+09:00	2	154.9
2020-10-21T10:37:59.480000+09:00	7	154.62
2020-10-21T10:37:59.510000+09:00	13	154.79
2020-10-21T10:37:59.530000+09:00	18	154.6
2020-10-21T10:37:59.560000+09:00	23	154.8
2020-10-21T10:37:59.580000+09:00	29	154.61
2020-10-21T10:37:59.610000+09:00	34	154.73
2020-10-21T10:37:59.630000+09:00	40	154.66
2020-10-21T10:37:59.660000+09:00	45	154.92
2020-10-21T10:37:59.680000+09:00	50	154.66
2020-10-21T10:37:59.710000+09:00	56	154.97
2020-10-21T10:37:59.730000+09:00	61	154.9
2020-10-21T10:37:59.760000+09:00	3	155.03
2020-10-21T10:37:59.780000+09:00	8	154.91
2020-10-21T10:37:59.800000+09:00	13	155.02
2020-10-21T10:37:59.830000+09:00	19	154.94
2020-10-21T10:37:59.850000+09:00	24	155.05
2020-10-21T10:37:59.880000+09:00	30	154.98
2020-10-21T10:37:59.900000+09:00	35	154.99
2020-10-21T10:37:59.930000+09:00	40	154.94
2020-10-21T10:37:59.950000+09:00	46	154.87
2020-10-21T10:37:59.980000+09:00	51	154.97
2020-10-21T10:38:00.000000+09:00	57	154.87
2020-10-21T10:38:00.030000+09:00	62	155.02
2020-10-21T10:38:00.050000+09:00	4	154.77
2020-10-21T10:38:00.080000+09:00	9	154.95
2020-10-21T10:38:00.100000+09:00	14	154.83
2020-10-21T10:38:00.120000+09:00	20	154.99
2020-10-21T10:38:00.150000+09:00	25	154.82
2020-10-21T10:38:00.180000+09:00	31	154.96
2020-10-21T10:38:00.200000+09:00	37	154.78
2020-10-21T10:38:00.230000+09:00	42	154.95
2020-10-21T10:38:00.250000+09:00	48	154.87
2020-10-21T10:38:00.280000+09:00	53	155.07
2020-10-21T10:38:00.300000+09:00	59	154.81
2020-10-21T10:38:00.330000+09:00	1	154.92
2020-10-21T10:38:00.350000+09:00	6	154.76
2020-10-21T10:38:00.380000+09:00	12	155.06
2020-10-21T10:38:00.410000+09:00	17	154.67
2020-10-21T10:38:00.430000+09:00	23	155.05
2020-10-21T10:38:00.460000+09:00	29	154.84
2020-10-21T10:38:00.480000+09:00	34	154.78
2020-10-21T10:38:00.510000+09:00	40	154.98
2020-10-21T10:38:00.530000+09:00	45	155.06
2020-10-21T10:38:00.560000+09:00	51	154.87
2020-10-21T10:38:00.580000+09:00	57	155.02
2020-10-21T10:38:00.610000+09:00	62	154.78
2020-10-21T10:38:00.640000+09:00	4	155.28
2020-10-21T10:38:00.660000+09:00	9	154.85
2020-10-21T10:38:00.690000+09:00	15	155.15
2020-10-21T10:38:00.710000+09:00	21	154.95
2020-10-21T10:38:00.740000+09:00	26	155.12
2020-10-21T10:38:00.760000+09:00	32	154.93
2020-10-21T10:38:00.790000+09:00	37	154.99
2020-10-21T10:38:00.810000+09:00	43	154.96
2020-10-21T10:38:00.840000+09:00	48	155.3
2020-10-21T10:38:00.860000+09:00	54	154.92
2020-10-21T10:38:00.890000+09:00	59	155.17
2020-10-21T10:38:00.910000+09:00	0	155
2020-10-21T10:38:00.940000+09:00	6	155.22
2020-10-21T10:38:00.960000+09:00	11	155
2020-10-21T10:38:00.990000+09:00	17	155.11
2020-10-21T10:38:01.010000+09:00	22	154.99
2020-10-21T10:38:01.030000+09:00	28	155.14
2020-10-21T10:38:01.060000+09:00	33	154.89
2020-10-21T10:38:01.080000+09:00	38	155
2020-10-21T10:38:01.110000+09:00	44	155.26
2020-10-21T10:38:01.130000+09:00	49	154.94
2020-10-21T10:38:01.160000+09:00	55	155.01
2020-10-21T10:38:01.180000+09:00	60	154.95
2020-10-21T10:38:01.210000+09:00	1	155.05
2020-10-21T10:38:01.230000+09:00	7	154.91
2020-10-21T10:38:01.260000+09:00	12	155.09
2020-10-21T10:38:01.280000+09:00	18	154.93
2020-10-21T10:38:01.310000+09:00	23	155.07
2020-10-21T10:38:01.330000+09:00	28	154.96
2020-10-21T10:38:01.350000+09:00	34	155.11
2020-10-21T10:38:01.380000+09:00	39	154.95
2020-10-21T10:38:01.400000+09:00	45	155.19
2020-10-21T10:38:01.430000+09:00	50	154.83
2020-10-21T10:38:01.450000+09:00	55	155.13
2020-10-21T10:38:01.480000+09:00	61	154.95
2020-10-21T10:38:01.500000+09:00	2	155.1
2020-10-21T10:38:01.530000+09:00	8	154.97
2020-10-21T10:38:01.550000+09:00	13	155.17
2020-10-21T10:38:01.580000+09:00	19	154.85
2020-10-21T10:38:01.600000+09:00	24	155.13
2020-10-21T10:38:01.630000+09:00	29	155.09
2020-10-21T10:38:01.650000+09:00	35	155.13
2020-10-21T10:38:01.680000+09:00	40	155.07
2020-10-21T10:38:01.700000+09:00	46	155.09
2020-10-21T10:38:01.720000+09:00	51	155.03
2020-10-21T10:38:01.750000+09:00	56	155.17
2020-10-21T10:38:01.770000+09:00	62	155.12
2020-10-21T10:38:01.800000+09:00	3	155.03
2020-10-21T10:38:01.820000+09:00	9	155.23
2020-10-21T10:38:01.850000+09:00	14	154.89
2020-10-21T10:38:01.870000+09:00	20	154.91
2020-10-21T10:38:01.900000+09:00	25	154.9
2020-10-21T10:38:01.920000+09:00	30	154.88
2020-10-21T10:38:01.950000+09:00	36	154.61
2020-10-21T10:38:01.970000+09:00	41	154.98
2020-10-21T10:38:01.990000+09:00	47	154.9
2020-10-21T10:38:02.020000+09:00	52	155.12
2020-10-21T10:38:02.050000+09:00	57	154.78
2020-10-21T10:38:02.070000+09:00	63	155.15
2020-10-21T10:38:02.090000+09:00	4	154.86
2020-10-21T10:38:02.120000+09:00	10	155.12
2020-10-21T10:38:02.140000+09:00	15	155.01
2020-10-21T10:38:02.170000+09:00	20	155.11
2020-10-21T10:38:02.190000+09:00	26	154.89
2020-10-21T10:38:02.220000+09:00	31	155.12
2020-10-21T10:38:02.240000+09:00	37	154.9
2020-10-21T10:38:02.270000+09:00	42	154.99
2020-10-21T10:38:02.290000+09:00	47	154.96
2020-10-21T10:38:02.320000+09:00	53	154.97
2020-10-21T10:38:02.340000+09:00	58	154.95
2020-10-21T10:38:02.370000+09:00	0	154.89
2020-10-21T10:38:02.390000+09:00	5	154.9
2020-10-21T10:38:02.410000+09:00	10	154.84
2020-10-21T10:38:02.440000+09:00	16	154.9
2020-10-21T10:38:02.460000+09:00	21	154.73
2020-10-21T10:38:02.490000+09:00	27	154.94
2020-10-21T10:38:02.510000+09:00	32	154.79
2020-10-21T10:38:02.540000+09:00	38	154.88
2020-10-21T10:38:02.560000+09:00	43	154.85
2020-10-21T10:38:02.590000+09:00	48	154.94
2020-10-21T10:38:02.610000+09:00	54	154.65
2020-10-21T10:38:02.640000+09:00	59	155.11
2020-10-21T10:38:02.660000+09:00	1	154.72
2020-10-21T10:38:02.680000+09:00	6	154.93
2020-10-21T10:38:02.710000+09:00	11	154.79
2020-10-21T10:38:02.740000+09:00	17	154.97
2020-10-21T10:38:02.760000+09:00	22	154.8
2020-10-21T10:38:02.780000+09:00	28	154.94
2020-10-21T10:38:02.810000+09:00	33	154.78
2020-10-21T10:38:02.830000+09:00	38	154.88
2020-10-21T10:38:02.860000+09:00	44	154.75
2020-10-21T10:38:02.880000+09:00	49	154.82
2020-10-21T10:38:02.910000+09:00	55	154.71
2020-10-21T10:38:02.930000+09:00	60	154.62
2020-10-21T10:38:02.960000+09:00	1	154.69
2020-10-21T10:38:02.980000+09:00	7	154.76
2020-10-21T10:38:03.010000+09:00	12	154.6
2020-10-21T10:38:03.030000+09:00	18	154.49
2020-10-21T10:38:03.050000+09:00	23	154.57
2020-10-21T10:38:03.080000+09:00	28	154.41
2020-10-21T10:38:03.100000+09:00	34	154.59
2020-10-21T10:38:03.130000+09:00	39	154.44
2020-10-21T10:38:03.150000+09:00	45	154.48
2020-10-21T10:38:03.180000+09:00	51	154.37
2020-10-21T10:38:03.210000+09:00	56	154.47
2020-10-21T10:38:03.230000+09:00	62	154.2
2020-10-21T10:38:03.260000+09:00	3	154.37
2020-10-21T10:38:03.280000+09:00	9	154.21
2020-10-21T10:38:03.310000+09:00	14	154.31
2020-10-21T10:38:03.330000+09:00	20	154.09
2020-10-21T10:38:03.360000+09:00	26	154.3
2020-10-21T10:38:03.380000+09:00	31	154.08
2020-10-21T10:38:03.410000+09:00	37	154.29
2020-10-21T10:38:03.440000+09:00	42	153.94
2020-10-21T10:38:03.460000+09:00	48	154.15
2020-10-21T10:38:03.490000+09:00	53	153.87
2020-10-21T10:38:03.510000+09:00	59	154.06
2020-10-21T10:38:03.540000+09:00	1	153.79
2020-10-21T10:38:03.560000+09:00	6	154.17
2020-10-21T10:38:03.590000+09:00	12	153.6
2020-10-21T10:38:03.610000+09:00	17	154
2020-10-21T10:38:03.640000+09:00	23	153.88
2020-10-21T10:38:03.660000+09:00	28	153.99
2020-10-21T10:38:03.690000+09:00	34	153.78
2020-10-21T10:38:03.720000+09:00	39	153.93
2020-10-21T10:38:03.740000+09:00	45	153.7
2020-10-21T10:38:03.770000+09:00	50	153.87
2020-10-21T10:38:03.790000+09:00	56	153.58
2020-10-21T10:38:03.820000+09:00	61	153.8
2020-10-21T10:38:03.840000+09:00	3	153.68
2020-10-21T10:38:03.860000+09:00	8	153.72
2020-10-21T10:38:03.890000+09:00	13	153.47
2020-10-21T10:38:03.910000+09:00	19	153.52
2020-10-21T10:38:03.940000+09:00	24	153.67
2020-10-21T10:38:03.960000+09:00	29	153.56
2020-10-21T10:38:03.990000+09:00	35	153.25
2020-10-21T10:38:04.010000+09:00	40	153.29
2020-10-21T10:38:04.040000+09:00	45	153.43
2020-10-21T10:38:04.060000+09:00	51	153.08
2020-10-21T10:38:04.090000+09:00	56	153.33
2020-10-21T10:38:04.110000+09:00	61	153.13
2020-10-21T10:38:04.140000+09:00	3	153.24
2020-10-21T10:38:04.160000+09:00	8	153.07
2020-10-21T10:38:04.190000+09:00	14	153.3
2020-10-21T10:38:04.210000+09:00	19	153.07
2020-10-21T10:38:04.230000+09:00	24	153.23
2020-10-21T10:38:04.260000+09:00	30	152.92
2020-10-21T10:38:04.280000+09:00	35	153.17
2020-10-21T10:38:04.310000+09:00	40	152.95
2020-10-21T10:38:04.330000+09:00	46	153.08
2020-10-21T10:38:04.360000+09:00	51	152.94
2020-10-21T10:38:04.380000+09:00	56	153.02
2020-10-21T10:38:04.410000+09:00	62	152.87
2020-10-21T10:38:04.430000+09:00	3	152.84
2020-10-21T10:38:04.460000+09:00	8	152.73
2020-10-21T10:38:04.480000+09:00	14	152.72
2020-10-21T10:38:04.510000+09:00	19	152.76
2020-10-21T10:38:04.530000+09:00	24	152.67
2020-10-21T10:38:04.550000+09:00	30	152.68
2020-10-21T10:38:04.580000+09:00	35	152.57
2020-10-21T10:38:04.600000+09:00	40	152.67
2020-10-21T10:38:04.630000+09:00	46	152.43
2020-10-21T10:38:04.650000+09:00	51	152.54
2020-10-21T10:38:04.680000+09:00	56	152.34
2020-10-21T10:38:04.700000+09:00	62	152.56
2020-10-21T10:38:04.730000+09:00	3	152.31
2020-10-21T10:38:04.750000+09:00	8	152.53
2020-10-21T10:38:04.780000+09:00	14	152.33
2020-10-21T10:38:04.800000+09:00	19	152.4
2020-10-21T10:38:04.830000+09:00	24	152.14
2020-10-21T10:38:04.850000+09:00	29	152.33
2020-10-21T10:38:04.880000+09:00	35	152.09
2020-10-21T10:38:04.900000+09:00	40	152.05
2020-10-21T10:38:04.920000+09:00	45	152.2
2020-10-21T10:38:04.950000+09:00	51	152.02
2020-10-21T10:38:04.970000+09:00	56	152.09
2020-10-21T10:38:05.000000+09:00	61	151.92
2020-10-21T10:38:05.020000+09:00	3	151.94
2020-10-21T10:38:05.050000+09:00	8	151.76
2020-10-21T10:38:05.070000+09:00	13	151.95
2020-10-21T10:38:05.100000+09:00	18	151.43
2020-10-21T10:38:05.120000+09:00	24	151.83
2020-10-21T10:38:05.150000+09:00	29	151.81
2020-10-21T10:38:05.170000+09:00	34	151.64
2020-10-21T10:38:05.200000+09:00	40	151.68
2020-10-21T10:38:05.220000+09:00	45	151.75
2020-10-21T10:38:05.240000+09:00	50	151.71
2020-10-21T10:38:05.270000+09:00	56	151.77
2020-10-21T10:38:05.290000+09:00	61	151.53
2020-10-21T10:38:05.320000+09:00	2	151.49
2020-10-21T10:38:05.340000+09:00	7	151.52
2020-10-21T10:38:05.370000+09:00	13	151.58
2020-10-21T10:38:05.390000+09:00	18	151.43
2020-10-21T10:38:05.420000+09:00	23	151.24
2020-10-21T10:38:05.440000+09:00	29	151.52
2020-10-21T10:38:05.470000+09:00	34	151.14
2020-10-21T10:38:05.490000+09:00	39	151.33
2020-10-21T10:38:05.520000+09:00	44	151.2
2020-10-21T10:38:05.540000+09:00	50	151.33
2020-10-21T10:38:05.570000+09:00	55	151.2
2020-10-21T10:38:05.590000+09:00	60	151.21
2020-10-21T10:38:05.610000+09:00	2	151.09
2020-10-21T10:38:05.640000+09:00	7	151.12
2020-10-21T10:38:05.660000+09:00	12	151.06
2020-10-21T10:38:05.690000+09:00	17	151.05
2020-10-21T10:38:05.710000+09:00	23	151.08
2020-10-21T10:38:05.740000+09:00	28	150.93
2020-10-21T10:38:05.760000+09:00	33	150.92
2020-10-21T10:38:05.790000+09:00	38	150.93
2020-10-21T10:38:05.810000+09:00	44	151.02
2020-10-21T10:38:05.840000+09:00	49	150.83
2020-10-21T10:38:05.860000+09:00	54	150.94
2020-10-21T10:38:05.890000+09:00	60	150.55
2020-10-21T10:38:05.910000+09:00	1	150.68
2020-10-21T10:38:05.930000+09:00	6	150.76
2020-10-21T10:38:05.960000+09:00	11	150.64
2020-10-21T10:38:05.980000+09:00	17	150.34
2020-10-21T10:38:06.010000+09:00	22	150.59
2020-10-21T10:38:06.030000+09:00	27	150.44
2020-10-21T10:38:06.060000+09:00	33	150.49
2020-10-21T10:38:06.090000+09:00	38	150.51
2020-10-21T10:38:06.110000+09:00	44	150.36
2020-10-21T10:38:06.140000+09:00	49	150.45
2020-10-21T10:38:06.160000+09:00	54	150.46
2020-10-21T10:38:06.190000+09:00	60	150.3
2020-10-21T10:38:06.210000+09:00	1	150.2
2020-10-21T10:38:06.240000+09:00	7	150.35
2020-10-21T10:38:06.260000+09:00	12	150.12
2020-10-21T10:38:06.290000+09:00	18	150.28
2020-10-21T10:38:06.320000+09:00	23	150.18
2020-10-21T10:38:06.340000+09:00	28	150.15
2020-10-21T10:38:06.370000+09:00	34	150.05
2020-10-21T10:38:06.390000+09:00	39	150.1
2020-10-21T10:38:06.420000+09:00	45	150
2020-10-21T10:38:06.440000+09:00	50	150.04
2020-10-21T10:38:06.470000+09:00	56	149.91
2020-10-21T10:38:06.490000+09:00	61	150.15
2020-10-21T10:38:06.520000+09:00	2	149.96
2020-10-21T10:38:06.540000+09:00	8	149.95
2020-10-21T10:38:06.570000+09:00	13	149.74
2020-10-21T10:38:06.590000+09:00	19	150.13
2020-10-21T10:38:06.620000+09:00	24	149.87
2020-10-21T10:38:06.650000+09:00	29	149.78
2020-10-21T10:38:06.670000+09:00	35	149.62
2020-10-21T10:38:06.690000+09:00	40	149.86
2020-10-21T10:38:06.720000+09:00	45	149.56
2020-10-21T10:38:06.740000+09:00	50	149.43
2020-10-21T10:38:06.770000+09:00	56	149.73
2020-10-21T10:38:06.790000+09:00	61	149.48
2020-10-21T10:38:06.820000+09:00	2	149.39
2020-10-21T10:38:06.840000+09:00	7	149.46
2020-10-21T10:38:06.870000+09:00	12	149.72
2020-10-21T10:38:06.890000+09:00	18	149.37
2020-10-21T10:38:06.920000+09:00	23	149.41
2020-10-21T10:38:06.940000+09:00	28	149.29
2020-10-21T10:38:06.970000+09:00	33	149.44
2020-10-21T10:38:06.990000+09:00	38	149.32
2020-10-21T10:38:07.010000+09:00	44	149.07
2020-10-21T10:38:07.040000+09:00	49	149.23
2020-10-21T10:38:07.070000+09:00	54	149.29
2020-10-21T10:38:07.090000+09:00	59	148.97
2020-10-21T10:38:07.110000+09:00	0	149.16
2020-10-21T10:38:07.140000+09:00	6	149.24
2020-10-21T10:38:07.160000+09:00	11	148.95
2020-10-21T10:38:07.190000+09:00	16	149.47
2020-10-21T10:38:07.210000+09:00	21	149.03
2020-10-21T10:38:07.240000+09:00	26	148.98
2020-10-21T10:38:07.260000+09:00	32	149.15
2020-10-21T10:38:07.290000+09:00	37	149.14
2020-10-21T10:38:07.310000+09:00	42	149.05
2020-10-21T10:38:07.340000+09:00	47	148.86
2020-10-21T10:38:07.360000+09:00	53	148.98
2020-10-21T10:38:07.380000+09:00	58	148.97
2020-10-21T10:38:07.410000+09:00	63	148.48
2020-10-21T10:38:07.430000+09:00	4	148.62
2020-10-21T10:38:07.460000+09:00	9	148.83
2020-10-21T10:38:07.480000+09:00	14	148.57
2020-10-21T10:38:07.510000+09:00	20	148.87
2020-10-21T10:38:07.530000+09:00	25	148.68
2020-10-21T10:38:07.560000+09:00	30	148.5
2020-10-21T10:38:07.580000+09:00	35	148.64
2020-10-21T10:38:07.610000+09:00	40	148.69
2020-10-21T10:38:07.630000+09:00	46	148.45
2020-10-21T10:38:07.660000+09:00	51	148.51
2020-10-21T10:38:07.680000+09:00	56	148.53
2020-10-21T10:38:07.700000+09:00	61	148.34
2020-10-21T10:38:07.730000+09:00	2	148.43
2020-10-21T10:38:07.750000+09:00	7	148.47
2020-10-21T10:38:07.780000+09:00	13	148.28
2020-10-21T10:38:07.800000+09:00	18	148.16
2020-10-21T10:38:07.830000+09:00	23	148.39
2020-10-21T10:38:07.850000+09:00	28	148.34
2020-10-21T10:38:07.880000+09:00	33	148.32
2020-10-21T10:38:07.900000+09:00	39	148.17
2020-10-21T10:38:07.930000+09:00	44	148.28
2020-10-21T10:38:07.950000+09:00	49	148.17
2020-10-21T10:38:07.980000+09:00	54	148.11
2020-10-21T10:38:08.000000+09:00	59	148.17
2020-10-21T10:38:08.020000+09:00	0	147.97
2020-10-21T10:38:08.050000+09:00	6	147.97
2020-10-21T10:38:08.070000+09:00	11	148.01
2020-10-21T10:38:08.100000+09:00	16	148
2020-10-21T10:38:08.120000+09:00	21	148.07
2020-10-21T10:38:08.150000+09:00	26	148.14
2020-10-21T10:38:08.170000+09:00	31	147.98
2020-10-21T10:38:08.200000+09:00	37	148.34
2020-10-21T10:38:08.220000+09:00	42	148
2020-10-21T10:38:08.250000+09:00	47	147.77
2020-10-21T10:38:08.270000+09:00	52	148.13
2020-10-21T10:38:08.300000+09:00	58	148.06
2020-10-21T10:38:08.320000+09:00	63	147.88
2020-10-21T10:38:08.350000+09:00	4	147.9
2020-10-21T10:38:08.370000+09:00	9	147.94
2020-10-21T10:38:08.400000+09:00	15	147.51
2020-10-21T10:38:08.420000+09:00	20	147.77
2020-10-21T10:38:08.450000+09:00	25	147.73
2020-10-21T10:38:08.470000+09:00	30	147.78
2020-10-21T10:38:08.500000+09:00	35	147.63
2020-10-21T10:38:08.520000+09:00	41	147.85
2020-10-21T10:38:08.550000+09:00	46	147.56
2020-10-21T10:38:08.570000+09:00	51	147.69
2020-10-21T10:38:08.600000+09:00	56	147.93
2020-10-21T10:38:08.620000+09:00	61	147.79
2020-10-21T10:38:08.650000+09:00	3	147.65
2020-10-21T10:38:08.670000+09:00	8	147.73
2020-10-21T10:38:08.700000+09:00	13	147.82
2020-10-21T10:38:08.720000+09:00	18	147.49
2020-10-21T10:38:08.750000+09:00	24	147.64
2020-10-21T10:38:08.770000+09:00	29	147.54
2020-10-21T10:38:08.800000+09:00	34	147.53
2020-10-21T10:38:08.820000+09:00	39	147.44
2020-10-21T10:38:08.850000+09:00	44	147.47
2020-10-21T10:38:08.870000+09:00	50	147.51
2020-10-21T10:38:08.900000+09:00	55	147.51
2020-10-21T10:38:08.920000+09:00	60	147.44
2020-10-21T10:38:08.950000+09:00	1	147.51
2020-10-21T10:38:08.970000+09:00	6	147.45
2020-10-21T10:38:09.000000+09:00	12	147.36
2020-10-21T10:38:09.020000+09:00	17	147.45
2020-10-21T10:38:09.050000+09:00	22	147.28
2020-10-21T10:38:09.070000+09:00	28	147.34
2020-10-21T10:38:09.100000+09:00	33	147.25
2020-10-21T10:38:09.120000+09:00	38	147.43
2020-10-21T10:38:09.150000+09:00	44	147.26
2020-10-21T10:38:09.180000+09:00	49	147.38
2020-10-21T10:38:09.200000+09:00	54	147.34
2020-10-21T10:38:09.230000+09:00	60	147.22
2020-10-21T10:38:09.250000+09:00	1	147.24
2020-10-21T10:38:09.280000+09:00	7	147.3
2020-10-21T10:38:09.300000+09:00	12	147.01
2020-10-21T10:38:09.330000+09:00	17	147.3
2020-10-21T10:38:09.360000+09:00	23	147.26
2020-10-21T10:38:09.380000+09:00	28	147.13
2020-10-21T10:38:09.410000+09:00	33	147.12
2020-10-21T10:38:09.430000+09:00	39	147.13
2020-10-21T10:38:09.460000+09:00	44	147.06
2020-10-21T10:38:09.480000+09:00	50	147.15
2020-10-21T10:38:09.510000+09:00	55	147.21
2020-10-21T10:38:09.540000+09:00	60	147.11
2020-10-21T10:38:09.560000+09:00	2	147.27
2020-10-21T10:38:09.590000+09:00	7	147.02
2020-10-21T10:38:09.610000+09:00	12	147.16
2020-10-21T10:38:09.640000+09:00	18	147.12
2020-10-21T10:38:09.670000+09:00	23	147.19
2020-10-21T10:38:09.690000+09:00	29	147.14
2020-10-21T10:38:09.720000+09:00	34	147.25
2020-10-21T10:38:09.740000+09:00	39	147.07
2020-10-21T10:38:09.770000+09:00	44	147.16
2020-10-21T10:38:09.790000+09:00	49	147.41
2020-10-21T10:38:09.820000+09:00	55	147.4
2020-10-21T10:38:09.840000+09:00	60	147.25
2020-10-21T10:38:09.870000+09:00	1	147.4
2020-10-21T10:38:09.890000+09:00	6	147.52
2020-10-21T10:38:09.920000+09:00	11	147.29
2020-10-21T10:38:09.940000+09:00	17	147.37
2020-10-21T10:38:09.970000+09:00	22	147.35
2020-10-21T10:38:09.990000+09:00	27	147.59
2020-10-21T10:38:10.010000+09:00	32	147.52
2020-10-21T10:38:10.040000+09:00	37	147.64
2020-10-21T10:38:10.060000+09:00	43	147.59
2020-10-21T10:38:10.090000+09:00	48	147.6
2020-10-21T10:38:10.110000+09:00	53	147.39
2020-10-21T10:38:10.140000+09:00	58	147.6
2020-10-21T10:38:10.160000+09:00	63	147.79
2020-10-21T10:38:10.190000+09:00	5	147.78
2020-10-21T10:38:10.210000+09:00	10	147.58
2020-10-21T10:38:10.240000+09:00	15	147.74
2020-10-21T10:38:10.260000+09:00	20	147.76
2020-10-21T10:38:10.290000+09:00	25	147.5
2020-10-21T10:38:10.310000+09:00	30	147.67
2020-10-21T10:38:10.340000+09:00	36	147.56
2020-10-21T10:38:10.360000+09:00	41	147.81
2020-10-21T10:38:10.390000+09:00	46	147.79
2020-10-21T10:38:10.410000+09:00	51	147.9
2020-10-21T10:38:10.440000+09:00	57	147.89
2020-10-21T10:38:10.460000+09:00	62	147.94
2020-10-21T10:38:10.490000+09:00	3	147.92
2020-10-21T10:38:10.510000+09:00	8	147.97
2020-10-21T10:38:10.540000+09:00	13	147.98
2020-10-21T10:38:10.560000+09:00	19	147.96
2020-10-21T10:38:10.590000+09:00	24	148.15
2020-10-21T10:38:10.610000+09:00	29	147.76
2020-10-21T10:38:10.640000+09:00	34	147.8
2020-10-21T10:38:10.660000+09:00	39	148.05
2020-10-21T10:38:10.690000+09:00	45	148.22
2020-10-21T10:38:10.710000+09:00	50	147.97
2020-10-21T10:38:10.740000+09:00	55	148.14
2020-10-21T10:38:10.760000+09:00	60	148.13
2020-10-21T10:38:10.790000+09:00	2	148.27
2020-10-21T10:38:10.810000+09:00	7	148.26
2020-10-21T10:38:10.830000+09:00	12	148.39
2020-10-21T10:38:10.860000+09:00	17	147.79
2020-10-21T10:38:10.880000+09:00	22	146.98
2020-10-21T10:38:10.910000+09:00	28	148.69
2020-10-21T10:38:10.930000+09:00	33	149.29
2020-10-21T10:38:10.960000+09:00	38	148.19
2020-10-21T10:38:10.980000+09:00	43	148.16
2020-10-21T10:38:11.010000+09:00	48	148.21
2020-10-21T10:38:11.030000+09:00	54	148.52
2020-10-21T10:38:11.060000+09:00	59	148.58
2020-10-21T10:38:11.080000+09:00	0	148.12
2020-10-21T10:38:11.110000+09:00	5	148.52
2020-10-21T10:38:11.130000+09:00	11	147.74
2020-10-21T10:38:11.160000+09:00	16	148.36
2020-10-21T10:38:11.180000+09:00	21	148.03
2020-10-21T10:38:11.210000+09:00	26	147.69
2020-10-21T10:38:11.230000+09:00	32	148.29
2020-10-21T10:38:11.260000+09:00	37	148.15
2020-10-21T10:38:11.280000+09:00	42	148.61
2020-10-21T10:38:11.310000+09:00	47	148.49
2020-10-21T10:38:11.330000+09:00	52	148.24
2020-10-21T10:38:11.360000+09:00	58	148.2
2020-10-21T10:38:11.380000+09:00	63	148.12
2020-10-21T10:38:11.410000+09:00	4	147.9
2020-10-21T10:38:11.430000+09:00	9	148.22
2020-10-21T10:38:11.460000+09:00	15	148.39
2020-10-21T10:38:11.480000+09:00	20	148.03
2020-10-21T10:38:11.510000+09:00	25	148.2
2020-10-21T10:38:11.530000+09:00	30	148.15
2020-10-21T10:38:11.560000+09:00	35	148.28
2020-10-21T10:38:11.580000+09:00	41	148.22
2020-10-21T10:38:11.610000+09:00	46	148.01
2020-10-21T10:38:11.630000+09:00	51	148.46
2020-10-21T10:38:11.660000+09:00	56	148.93
2020-10-21T10:38:11.680000+09:00	62	148.22
2020-10-21T10:38:11.700000+09:00	3	148.57
2020-10-21T10:38:11.730000+09:00	8	148.82
2020-10-21T10:38:11.750000+09:00	13	148.7
2020-10-21T10:38:11.780000+09:00	18	148.6
2020-10-21T10:38:11.800000+09:00	24	148.37
2020-10-21T10:38:11.830000+09:00	29	148.16
2020-10-21T10:38:11.850000+09:00	34	148.27
2020-10-21T10:38:11.880000+09:00	39	148.3
2020-10-21T10:38:11.900000+09:00	45	147.94
2020-10-21T10:38:11.930000+09:00	50	148.09
2020-10-21T10:38:11.950000+09:00	55	147.97
2020-10-21T10:38:11.980000+09:00	60	147.99
2020-10-21T10:38:12.000000+09:00	2	147.82
2020-10-21T10:38:12.030000+09:00	7	148.2
2020-10-21T10:38:12.050000+09:00	12	148.16
2020-10-21T10:38:12.080000+09:00	17	148.16
2020-10-21T10:38:12.100000+09:00	23	148.14
2020-10-21T10:38:12.130000+09:00	28	148.44
2020-10-21T10:38:12.160000+09:00	33	148.23
2020-10-21T10:38:12.180000+09:00	39	148.36
2020-10-21T10:38:12.210000+09:00	44	148.22
2020-10-21T10:38:12.230000+09:00	50	148.25
2020-10-21T10:38:12.260000+09:00	55	148.36
2020-10-21T10:38:12.280000+09:00	60	148.22
2020-10-21T10:38:12.310000+09:00	2	148.26
2020-10-21T10:38:12.340000+09:00	7	148.41
2020-10-21T10:38:12.360000+09:00	13	148.2
2020-10-21T10:38:12.390000+09:00	18	148.07
2020-10-21T10:38:12.410000+09:00	23	148.47
2020-10-21T10:38:12.440000+09:00	29	148.32
2020-10-21T10:38:12.460000+09:00	34	148.23
2020-10-21T10:38:12.490000+09:00	40	148.04
2020-10-21T10:38:12.520000+09:00	45	148.3
2020-10-21T10:38:12.540000+09:00	51	148.18
2020-10-21T10:38:12.570000+09:00	56	147.99
2020-10-21T10:38:12.590000+09:00	61	148.01
2020-10-21T10:38:12.620000+09:00	3	148.31
2020-10-21T10:38:12.650000+09:00	8	148.05
2020-10-21T10:38:12.670000+09:00	14	148.1
2020-10-21T10:38:12.700000+09:00	19	148.16
2020-10-21T10:38:12.720000+09:00	24	148.21
2020-10-21T10:38:12.750000+09:00	30	148.22
2020-10-21T10:38:12.770000+09:00	35	148.44
2020-10-21T10:38:12.800000+09:00	40	148.27
2020-10-21T10:38:12.820000+09:00	45	148.12
2020-10-21T10:38:12.850000+09:00	51	148.16
2020-10-21T10:38:12.870000+09:00	56	148.24
2020-10-21T10:38:12.900000+09:00	61	148.23
2020-10-21T10:38:12.920000+09:00	2	148.16
2020-10-21T10:38:12.950000+09:00	8	148.23
2020-10-21T10:38:12.970000+09:00	13	148.18
2020-10-21T10:38:13.000000+09:00	18	148.13
2020-10-21T10:38:13.020000+09:00	23	148.11
2020-10-21T10:38:13.050000+09:00	29	148.33
2020-10-21T10:38:13.070000+09:00	34	148
2020-10-21T10:38:13.100000+09:00	39	148.24
2020-10-21T10:38:13.120000+09:00	44	148.06
2020-10-21T10:38:13.150000+09:00	50	148.33
2020-10-21T10:38:13.170000+09:00	55	148.2
2020-10-21T10:38:13.200000+09:00	60	147.83
2020-10-21T10:38:13.220000+09:00	1	148.15
2020-10-21T10:38:13.250000+09:00	7	148.2
2020-10-21T10:38:13.270000+09:00	12	148.11
2020-10-21T10:38:13.300000+09:00	17	148.31
2020-10-21T10:38:13.320000+09:00	22	148.17
2020-10-21T10:38:13.350000+09:00	27	147.45
2020-10-21T10:38:13.370000+09:00	33	147.71
2020-10-21T10:38:13.400000+09:00	38	148.3
2020-10-21T10:38:13.420000+09:00	43	148.03
2020-10-21T10:38:13.450000+09:00	48	147.82
2020-10-21T10:38:13.470000+09:00	53	148.33
2020-10-21T10:38:13.500000+09:00	59	148.05
2020-10-21T10:38:13.520000+09:00	0	148.1
2020-10-21T10:38:13.550000+09:00	5	148.2
2020-10-21T10:38:13.570000+09:00	10	148.04
2020-10-21T10:38:13.600000+09:00	16	148.15
2020-10-21T10:38:13.620000+09:00	21	148.15
2020-10-21T10:38:13.650000+09:00	26	147.97
2020-10-21T10:38:13.670000+09:00	31	148.05
2020-10-21T10:38:13.700000+09:00	37	148.2
2020-10-21T10:38:13.720000+09:00	42	147.85
2020-10-21T10:38:13.750000+09:00	47	148.02
2020-10-21T10:38:13.770000+09:00	52	147.87
2020-10-21T10:38:13.800000+09:00	57	148.05
2020-10-21T10:38:13.820000+09:00	63	147.87
2020-10-21T10:38:13.840000+09:00	4	147.84
2020-10-21T10:38:13.870000+09:00	9	148.01
2020-10-21T10:38:13.890000+09:00	14	148.14
2020-10-21T10:38:13.920000+09:00	20	147.93
2020-10-21T10:38:13.940000+09:00	25	147.78
2020-10-21T10:38:13.970000+09:00	30	148.16
2020-10-21T10:38:13.990000+09:00	35	147.85
2020-10-21T10:38:14.020000+09:00	40	147.97
2020-10-21T10:38:14.040000+09:00	46	147.95
2020-10-21T10:38:14.070000+09:00	51	148
2020-10-21T10:38:14.090000+09:00	56	147.89
2020-10-21T10:38:14.120000+09:00	61	148.06
2020-10-21T10:38:14.140000+09:00	2	147.86
2020-10-21T10:38:14.170000+09:00	8	147.96
2020-10-21T10:38:14.190000+09:00	13	147.95
2020-10-21T10:38:14.220000+09:00	18	147.7
2020-10-21T10:38:14.240000+09:00	23	147.94
2020-10-21T10:38:14.270000+09:00	28	147.91
2020-10-21T10:38:14.290000+09:00	34	147.88
2020-10-21T10:38:14.320000+09:00	39	147.74
2020-10-21T10:38:14.340000+09:00	44	147.92
2020-10-21T10:38:14.370000+09:00	49	147.86
2020-10-21T10:38:14.390000+09:00	54	147.96
2020-10-21T10:38:14.420000+09:00	60	147.85
2020-10-21T10:38:14.440000+09:00	1	148.02
2020-10-21T10:38:14.470000+09:00	6	147.93
2020-10-21T10:38:14.490000+09:00	11	147.91
2020-10-21T10:38:14.520000+09:00	17	147.96
2020-10-21T10:38:14.540000+09:00	22	148.04
2020-10-21T10:38:14.570000+09:00	27	147.9
2020-10-21T10:38:14.590000+09:00	32	147.88
2020-10-21T10:38:14.620000+09:00	37	147.92
2020-10-21T10:38:14.640000+09:00	43	148.03
2020-10-21T10:38:14.670000+09:00	48	147.98
2020-10-21T10:38:14.690000+09:00	53	147.92
2020-10-21T10:38:14.720000+09:00	58	148.08
2020-10-21T10:38:14.740000+09:00	63	147.82
2020-10-21T10:38:14.770000+09:00	5	148.05
2020-10-21T10:38:14.790000+09:00	10	147.96
2020-10-21T10:38:14.810000+09:00	15	148.13
2020-10-21T10:38:14.840000+09:00	20	147.99
2020-10-21T10:38:14.860000+09:00	26	148
2020-10-21T10:38:14.890000+09:00	31	147.92
2020-10-21T10:38:14.910000+09:00	36	147.98
2020-10-21T10:38:14.940000+09:00	41	148
2020-10-21T10:38:14.960000+09:00	46	147.99
2020-10-21T10:38:14.990000+09:00	52	148.06
2020-10-21T10:38:15.010000+09:00	57	147.75
2020-10-21T10:38:15.040000+09:00	62	148.02
2020-10-21T10:38:15.060000+09:00	3	148.04
2020-10-21T10:38:15.090000+09:00	9	147.97
2020-10-21T10:38:15.120000+09:00	14	148.04
2020-10-21T10:38:15.140000+09:00	20	148.39
2020-10-21T10:38:15.170000+09:00	25	148.01
2020-10-21T10:38:15.190000+09:00	30	148.1
2020-10-21T10:38:15.220000+09:00	36	147.96
2020-10-21T10:38:15.240000+09:00	41	148.06
2020-10-21T10:38:15.270000+09:00	47	148.29
2020-10-21T10:38:15.300000+09:00	52	148.16
2020-10-21T10:38:15.320000+09:00	57	148.13
2020-10-21T10:38:15.350000+09:00	63	148.18
2020-10-21T10:38:15.370000+09:00	4	148.09
2020-10-21T10:38:15.400000+09:00	10	148.1
2020-10-21T10:38:15.420000+09:00	15	148.08
2020-10-21T10:38:15.450000+09:00	20	147.93
2020-10-21T10:38:15.480000+09:00	26	148.12
2020-10-21T10:38:15.500000+09:00	31	147.98
2020-10-21T10:38:15.530000+09:00	37	148.08
2020-10-21T10:38:15.550000+09:00	42	148.12
2020-10-21T10:38:15.580000+09:00	47	148.02
2020-10-21T10:38:15.610000+09:00	53	147.84
2020-10-21T10:38:15.630000+09:00	58	148.27
2020-10-21T10:38:15.660000+09:00	0	148.13
2020-10-21T10:38:15.680000+09:00	5	148.11
2020-10-21T10:38:15.710000+09:00	10	148.2
2020-10-21T10:38:15.730000+09:00	16	148.33
2020-10-21T10:38:15.760000+09:00	21	148.19
2020-10-21T10:38:15.780000+09:00	26	147.34
2020-10-21T10:38:15.810000+09:00	31	147.38
2020-10-21T10:38:15.830000+09:00	37	149.05
2020-10-21T10:38:15.860000+09:00	42	148.86
2020-10-21T10:38:15.880000+09:00	47	148.04
2020-10-21T10:38:15.910000+09:00	52	148.67
2020-10-21T10:38:15.930000+09:00	58	148.37
2020-10-21T10:38:15.960000+09:00	63	148.34
2020-10-21T10:38:15.980000+09:00	4	148.23
2020-10-21T10:38:16.010000+09:00	9	148.48
2020-10-21T10:38:16.030000+09:00	14	148.52
2020-10-21T10:38:16.060000+09:00	20	148.22
2020-10-21T10:38:16.080000+09:00	25	148.17
2020-10-21T10:38:16.110000+09:00	30	148.38
2020-10-21T10:38:16.130000+09:00	35	148.47
2020-10-21T10:38:16.160000+09:00	41	147.98
2020-10-21T10:38:16.180000+09:00	46	148.22
2020-10-21T10:38:16.210000+09:00	51	148.26
2020-10-21T10:38:16.230000+09:00	56	148.08
2020-10-21T10:38:16.260000+09:00	62	148.28
2020-10-21T10:38:16.280000+09:00	3	148.49
2020-10-21T10:38:16.300000+09:00	8	148.2
2020-10-21T10:38:16.330000+09:00	13	148.37
2020-10-21T10:38:16.360000+09:00	18	148.22
2020-10-21T10:38:16.380000+09:00	24	148.16
2020-10-21T10:38:16.400000+09:00	29	148.4
2020-10-21T10:38:16.430000+09:00	34	148.43
2020-10-21T10:38:16.460000+09:00	39	148.11
2020-10-21T10:38:16.480000+09:00	45	148.35
2020-10-21T10:38:16.500000+09:00	50	148.34
2020-10-21T10:38:16.530000+09:00	55	148.16
2020-10-21T10:38:16.550000+09:00	60	148.11
2020-10-21T10:38:16.580000+09:00	2	148.43
2020-10-21T10:38:16.600000+09:00	7	148.29
2020-10-21T10:38:16.630000+09:00	12	148.18
2020-10-21T10:38:16.650000+09:00	17	148.4
2020-10-21T10:38:16.680000+09:00	23	148.07
2020-10-21T10:38:16.700000+09:00	28	148.47
2020-10-21T10:38:16.730000+09:00	33	148.28
2020-10-21T10:38:16.750000+09:00	38	148.16
2020-10-21T10:38:16.780000+09:00	43	148.31
2020-10-21T10:38:16.800000+09:00	49	148.73
2020-10-21T10:38:16.830000+09:00	54	148.36
2020-10-21T10:38:16.850000+09:00	59	148.36
2020-10-21T10:38:16.880000+09:00	0	148.49
2020-10-21T10:38:16.900000+09:00	6	148.38
2020-10-21T10:38:16.930000+09:00	11	148.5
2020-10-21T10:38:16.950000+09:00	16	148.05
2020-10-21T10:38:16.980000+09:00	21	148.14
2020-10-21T10:38:17.000000+09:00	27	148.3
2020-10-21T10:38:17.030000+09:00	32	148.12
2020-10-21T10:38:17.050000+09:00	37	148
2020-10-21T10:38:17.080000+09:00	42	148.37
2020-10-21T10:38:17.100000+09:00	48	148.11
2020-10-21T10:38:17.130000+09:00	53	148.16
2020-10-21T10:38:17.150000+09:00	58	147.98
2020-10-21T10:38:17.180000+09:00	63	148.25
2020-10-21T10:38:17.200000+09:00	4	148.41
2020-10-21T10:38:17.230000+09:00	10	148.48
2020-10-21T10:38:17.250000+09:00	15	148.3
2020-10-21T10:38:17.280000+09:00	20	148.21
2020-10-21T10:38:17.300000+09:00	25	147.92
2020-10-21T10:38:17.330000+09:00	31	148.05
2020-10-21T10:38:17.350000+09:00	36	148.66
2020-10-21T10:38:17.380000+09:00	41	148.53
2020-10-21T10:38:17.400000+09:00	46	148.25
2020-10-21T10:38:17.430000+09:00	51	148.14
2020-10-21T10:38:17.450000+09:00	57	148.56
2020-10-21T10:38:17.480000+09:00	62	148.32
2020-10-21T10:38:17.500000+09:00	3	148.2
2020-10-21T10:38:17.530000+09:00	8	148.22
2020-10-21T10:38:17.550000+09:00	14	148.18
2020-10-21T10:38:17.580000+09:00	19	148.27
2020-10-21T10:38:17.600000+09:00	24	148.33
2020-10-21T10:38:17.620000+09:00	29	147.97
2020-10-21T10:38:17.650000+09:00	34	147.91
2020-10-21T10:38:17.670000+09:00	40	147.98
2020-10-21T10:38:17.700000+09:00	45	147.93
2020-10-21T10:38:17.720000+09:00	50	148.19
2020-10-21T10:38:17.750000+09:00	55	147.99
2020-10-21T10:38:17.770000+09:00	61	148.01
2020-10-21T10:38:17.800000+09:00	2	148.11
2020-10-21T10:38:17.820000+09:00	7	148.24
2020-10-21T10:38:17.850000+09:00	12	147.86
2020-10-21T10:38:17.870000+09:00	18	147.96
2020-10-21T10:38:17.900000+09:00	23	147.86
2020-10-21T10:38:17.920000+09:00	28	148.42
2020-10-21T10:38:17.950000+09:00	33	148.38
2020-10-21T10:38:17.970000+09:00	39	148.06
2020-10-21T10:38:18.000000+09:00	44	148.54
2020-10-21T10:38:18.020000+09:00	49	148.35
2020-10-21T10:38:18.050000+09:00	54	148.42
2020-10-21T10:38:18.070000+09:00	59	148.34
2020-10-21T10:38:18.100000+09:00	1	148.4
2020-10-21T10:38:18.120000+09:00	6	148.21
2020-10-21T10:38:18.150000+09:00	11	148.64
2020-10-21T10:38:18.180000+09:00	17	148.35
2020-10-21T10:38:18.200000+09:00	22	148.13
2020-10-21T10:38:18.230000+09:00	28	148.16
2020-10-21T10:38:18.250000+09:00	33	148.49
2020-10-21T10:38:18.280000+09:00	38	148.13
2020-10-21T10:38:18.310000+09:00	44	148.45
2020-10-21T10:38:18.330000+09:00	49	148.36
2020-10-21T10:38:18.360000+09:00	55	148.27
2020-10-21T10:38:18.380000+09:00	60	148.16
2020-10-21T10:38:18.410000+09:00	2	148.28
2020-10-21T10:38:18.430000+09:00	7	148.52
2020-10-21T10:38:18.460000+09:00	12	148.28
2020-10-21T10:38:18.480000+09:00	18	148.27
2020-10-21T10:38:18.510000+09:00	23	148.38
2020-10-21T10:38:18.540000+09:00	29	148.26
2020-10-21T10:38:18.560000+09:00	34	148.37
2020-10-21T10:38:18.590000+09:00	39	148.53
2020-10-21T10:38:18.610000+09:00	45	148.58
2020-10-21T10:38:18.640000+09:00	50	148.62
2020-10-21T10:38:18.670000+09:00	56	148.22
2020-10-21T10:38:18.690000+09:00	61	148.48
2020-10-21T10:38:18.720000+09:00	3	148.43
2020-10-21T10:38:18.740000+09:00	8	148.47
2020-10-21T10:38:18.770000+09:00	13	148.38
2020-10-21T10:38:18.790000+09:00	18	148.29
2020-10-21T10:38:18.820000+09:00	24	148.41
2020-10-21T10:38:18.840000+09:00	29	148.55
2020-10-21T10:38:18.870000+09:00	34	148.64
2020-10-21T10:38:18.890000+09:00	39	148.45
2020-10-21T10:38:18.920000+09:00	45	148.41
2020-10-21T10:38:18.940000+09:00	50	148.44
2020-10-21T10:38:18.970000+09:00	55	148.43
2020-10-21T10:38:18.990000+09:00	60	148.32
2020-10-21T10:38:19.020000+09:00	2	148.44
2020-10-21T10:38:19.040000+09:00	7	148.17
2020-10-21T10:38:19.070000+09:00	12	147.78
2020-10-21T10:38:19.090000+09:00	17	148.23
2020-10-21T10:38:19.120000+09:00	22	148.21
2020-10-21T10:38:19.140000+09:00	28	148.18
2020-10-21T10:38:19.170000+09:00	33	148.51
2020-10-21T10:38:19.190000+09:00	38	147.9
2020-10-21T10:38:19.220000+09:00	43	148.29
2020-10-21T10:38:19.240000+09:00	49	148.6
2020-10-21T10:38:19.270000+09:00	54	148.14
2020-10-21T10:38:19.290000+09:00	59	148.75
2020-10-21T10:38:19.320000+09:00	0	149.58
2020-10-21T10:38:19.340000+09:00	6	148.33
2020-10-21T10:38:19.370000+09:00	11	147.16
2020-10-21T10:38:19.390000+09:00	16	148.07
2020-10-21T10:38:19.410000+09:00	21	148.65
2020-10-21T10:38:19.440000+09:00	26	148.59
2020-10-21T10:38:19.460000+09:00	32	148.05
2020-10-21T10:38:19.490000+09:00	37	148.99
2020-10-21T10:38:19.510000+09:00	42	148.8
2020-10-21T10:38:19.540000+09:00	47	147.97
2020-10-21T10:38:19.560000+09:00	53	148.21
2020-10-21T10:38:19.590000+09:00	58	148.67
2020-10-21T10:38:19.610000+09:00	63	148.26
2020-10-21T10:38:19.640000+09:00	4	148.14
2020-10-21T10:38:19.660000+09:00	10	148.48
2020-10-21T10:38:19.690000+09:00	15	148.22
2020-10-21T10:38:19.710000+09:00	20	148.68
2020-10-21T10:38:19.740000+09:00	25	148.44
2020-10-21T10:38:19.760000+09:00	31	148.35
2020-10-21T10:38:19.790000+09:00	36	148.42
2020-10-21T10:38:19.810000+09:00	41	148.79
2020-10-21T10:38:19.840000+09:00	46	148.53
2020-10-21T10:38:19.860000+09:00	51	148.79
2020-10-21T10:38:19.890000+09:00	57	148.9
2020-10-21T10:38:19.910000+09:00	62	148.86
2020-10-21T10:38:19.940000+09:00	3	148.71
2020-10-21T10:38:19.960000+09:00	8	148.56
2020-10-21T10:38:19.990000+09:00	14	148.44
2020-10-21T10:38:20.010000+09:00	19	148.31
2020-10-21T10:38:20.040000+09:00	24	148.48
2020-10-21T10:38:20.060000+09:00	29	148.4
2020-10-21T10:38:20.090000+09:00	35	148.16
2020-10-21T10:38:20.110000+09:00	40	148.08
2020-10-21T10:38:20.140000+09:00	45	148.29
2020-10-21T10:38:20.160000+09:00	50	148.27
2020-10-21T10:38:20.190000+09:00	56	148.06
2020-10-21T10:38:20.210000+09:00	61	148.29
2020-10-21T10:38:20.240000+09:00	2	148.87
2020-10-21T10:38:20.260000+09:00	7	148.62
2020-10-21T10:38:20.290000+09:00	13	148.63
2020-10-21T10:38:20.310000+09:00	18	148.78
2020-10-21T10:38:20.340000+09:00	23	148.9
2020-10-21T10:38:20.360000+09:00	28	148.91
2020-10-21T10:38:20.390000+09:00	34	148.79
2020-10-21T10:38:20.410000+09:00	39	149
2020-10-21T10:38:20.440000+09:00	44	148.78
2020-10-21T10:38:20.460000+09:00	49	148.72
2020-10-21T10:38:20.490000+09:00	54	148.55
2020-10-21T10:38:20.510000+09:00	60	148.44
2020-10-21T10:38:20.540000+09:00	1	148.58
2020-10-21T10:38:20.560000+09:00	6	148.81
2020-10-21T10:38:20.590000+09:00	12	148.52
2020-10-21T10:38:20.610000+09:00	17	148.7
2020-10-21T10:38:20.630000+09:00	22	148.61
2020-10-21T10:38:20.660000+09:00	27	148.73
2020-10-21T10:38:20.680000+09:00	33	148.75
2020-10-21T10:38:20.710000+09:00	38	148.6
2020-10-21T10:38:20.730000+09:00	43	148.88
2020-10-21T10:38:20.760000+09:00	48	148.87
2020-10-21T10:38:20.780000+09:00	54	148.46
2020-10-21T10:38:20.810000+09:00	59	148.58
2020-10-21T10:38:20.830000+09:00	0	148.81
2020-10-21T10:38:20.860000+09:00	5	148.54
2020-10-21T10:38:20.880000+09:00	11	148.79
2020-10-21T10:38:20.910000+09:00	16	148.81
2020-10-21T10:38:20.930000+09:00	21	149.02
2020-10-21T10:38:20.960000+09:00	26	148.76
2020-10-21T10:38:20.980000+09:00	32	148.77
2020-10-21T10:38:21.010000+09:00	37	148.75
2020-10-21T10:38:21.030000+09:00	42	148.9
2020-10-21T10:38:21.060000+09:00	47	148.93
2020-10-21T10:38:21.080000+09:00	53	148.69
2020-10-21T10:38:21.110000+09:00	58	148.88
2020-10-21T10:38:21.140000+09:00	0	148.63
2020-10-21T10:38:21.160000+09:00	5	148.74
2020-10-21T10:38:21.190000+09:00	11	148.9
2020-10-21T10:38:21.210000+09:00	16	149.02
2020-10-21T10:38:21.240000+09:00	21	148.62
2020-10-21T10:38:21.270000+09:00	27	148.96
2020-10-21T10:38:21.290000+09:00	32	148.95
2020-10-21T10:38:21.320000+09:00	38	148.62
2020-10-21T10:38:21.340000+09:00	43	148.78
2020-10-21T10:38:21.370000+09:00	49	149.53
2020-10-21T10:38:21.390000+09:00	54	148.97
2020-10-21T10:38:21.420000+09:00	60	148.9
2020-10-21T10:38:21.450000+09:00	1	149.49
2020-10-21T10:38:21.470000+09:00	6	149.23
2020-10-21T10:38:21.500000+09:00	12	149.18
2020-10-21T10:38:21.520000+09:00	17	149.55
2020-10-21T10:38:21.550000+09:00	23	148.94
2020-10-21T10:38:21.570000+09:00	28	149.26
2020-10-21T10:38:21.600000+09:00	34	149.36
2020-10-21T10:38:21.630000+09:00	39	149.4
2020-10-21T10:38:21.650000+09:00	45	149.28
2020-10-21T10:38:21.680000+09:00	50	149.66
2020-10-21T10:38:21.700000+09:00	55	149.35
2020-10-21T10:38:21.730000+09:00	61	149.39
2020-10-21T10:38:21.750000+09:00	2	149.56
2020-10-21T10:38:21.780000+09:00	7	149.66
2020-10-21T10:38:21.800000+09:00	12	149.75
2020-10-21T10:38:21.830000+09:00	18	149.31
2020-10-21T10:38:21.850000+09:00	23	149.45
2020-10-21T10:38:21.880000+09:00	28	149.05
2020-10-21T10:38:21.900000+09:00	33	149.68
2020-10-21T10:38:21.930000+09:00	39	149.64
2020-10-21T10:38:21.950000+09:00	44	148.86
2020-10-21T10:38:21.980000+09:00	49	149.35
2020-10-21T10:38:22.000000+09:00	54	149.76
2020-10-21T10:38:22.030000+09:00	60	148.81
2020-10-21T10:38:22.050000+09:00	1	149.73
2020-10-21T10:38:22.070000+09:00	6	150.06
2020-10-21T10:38:22.100000+09:00	11	149.49
2020-10-21T10:38:22.120000+09:00	17	149.62
2020-10-21T10:38:22.150000+09:00	22	149.71
2020-10-21T10:38:22.170000+09:00	27	149.7
2020-10-21T10:38:22.200000+09:00	32	149.74
2020-10-21T10:38:22.220000+09:00	38	149.81
2020-10-21T10:38:22.250000+09:00	43	149.7
2020-10-21T10:38:22.270000+09:00	48	149.99
2020-10-21T10:38:22.300000+09:00	54	149.66
2020-10-21T10:38:22.320000+09:00	59	150.04
2020-10-21T10:38:22.350000+09:00	0	150.05
2020-10-21T10:38:22.370000+09:00	5	149.83
2020-10-21T10:38:22.400000+09:00	11	149.78
2020-10-21T10:38:22.420000+09:00	16	149.8
2020-10-21T10:38:22.450000+09:00	21	149.6
2020-10-21T10:38:22.470000+09:00	26	149.98
2020-10-21T10:38:22.500000+09:00	32	149.82
2020-10-21T10:38:22.520000+09:00	37	149.45
2020-10-21T10:38:22.550000+09:00	42	150.27
2020-10-21T10:38:22.570000+09:00	48	149.87
2020-10-21T10:38:22.600000+09:00	53	149.8
2020-10-21T10:38:22.620000+09:00	58	149.94
2020-10-21T10:38:22.650000+09:00	63	149.93
2020-10-21T10:38:22.670000+09:00	5	149.85
2020-10-21T10:38:22.700000+09:00	10	150.11
2020-10-21T10:38:22.720000+09:00	15	149.82
2020-10-21T10:38:22.750000+09:00	21	150.07
2020-10-21T10:38:22.770000+09:00	26	150.02
2020-10-21T10:38:22.800000+09:00	31	149.53
2020-10-21T10:38:22.820000+09:00	36	150.24
2020-10-21T10:38:22.850000+09:00	42	150.51
2020-10-21T10:38:22.870000+09:00	47	149.9
2020-10-21T10:38:22.900000+09:00	52	149.93
2020-10-21T10:38:22.920000+09:00	58	150.17
2020-10-21T10:38:22.940000+09:00	63	149.95
2020-10-21T10:38:22.970000+09:00	4	149.99
2020-10-21T10:38:22.990000+09:00	9	149.61
2020-10-21T10:38:23.020000+09:00	15	150.02
2020-10-21T10:38:23.040000+09:00	20	149.88
2020-10-21T10:38:23.070000+09:00	25	149.91
2020-10-21T10:38:23.090000+09:00	31	149.98
2020-10-21T10:38:23.120000+09:00	36	149.94
2020-10-21T10:38:23.140000+09:00	41	149.87
2020-10-21T10:38:23.170000+09:00	46	150.21
2020-10-21T10:38:23.190000+09:00	52	150.07
2020-10-21T10:38:23.220000+09:00	57	149.77
2020-10-21T10:38:23.240000+09:00	62	149.55
2020-10-21T10:38:23.270000+09:00	4	149.93
2020-10-21T10:38:23.290000+09:00	9	149.94
2020-10-21T10:38:23.320000+09:00	14	149.75
2020-10-21T10:38:23.340000+09:00	20	149.77
2020-10-21T10:38:23.370000+09:00	25	149.73
2020-10-21T10:38:23.390000+09:00	30	149.88
2020-10-21T10:38:23.420000+09:00	35	149.77
2020-10-21T10:38:23.440000+09:00	41	149.82
2020-10-21T10:38:23.470000+09:00	46	149.51
2020-10-21T10:38:23.490000+09:00	51	149.7
2020-10-21T10:38:23.520000+09:00	56	149.7
2020-10-21T10:38:23.540000+09:00	62	149.73
2020-10-21T10:38:23.570000+09:00	3	149.55
2020-10-21T10:38:23.590000+09:00	8	149.92
2020-10-21T10:38:23.620000+09:00	14	149.61
2020-10-21T10:38:23.640000+09:00	19	149.62
2020-10-21T10:38:23.670000+09:00	24	149.48
2020-10-21T10:38:23.690000+09:00	29	149.6
2020-10-21T10:38:23.720000+09:00	35	149.75
2020-10-21T10:38:23.740000+09:00	40	149.22
2020-10-21T10:38:23.770000+09:00	45	149.18
2020-10-21T10:38:23.790000+09:00	50	149.81
2020-10-21T10:38:23.820000+09:00	56	149.37
2020-10-21T10:38:23.840000+09:00	61	149.66
2020-10-21T10:38:23.870000+09:00	2	150.33
2020-10-21T10:38:23.890000+09:00	8	149.63
2020-10-21T10:38:23.920000+09:00	13	149.9
2020-10-21T10:38:23.940000+09:00	18	149.92
2020-10-21T10:38:23.970000+09:00	23	149.78
2020-10-21T10:38:23.990000+09:00	29	149.63
2020-10-21T10:38:24.020000+09:00	34	149.77
2020-10-21T10:38:24.040000+09:00	39	149.84
2020-10-21T10:38:24.070000+09:00	45	149.7
2020-10-21T10:38:24.090000+09:00	50	149.6
2020-10-21T10:38:24.120000+09:00	55	149.57
2020-10-21T10:38:24.140000+09:00	60	149.62
2020-10-21T10:38:24.170000+09:00	2	149.49
2020-10-21T10:38:24.190000+09:00	7	149.67
2020-10-21T10:38:24.220000+09:00	13	149.32
2020-10-21T10:38:24.240000+09:00	18	149.36
2020-10-21T10:38:24.270000+09:00	24	150.18
2020-10-21T10:38:24.290000+09:00	29	149.51
2020-10-21T10:38:24.320000+09:00	35	148.97
2020-10-21T10:38:24.350000+09:00	40	149.67
2020-10-21T10:38:24.370000+09:00	45	149.61
2020-10-21T10:38:24.400000+09:00	51	149.47
2020-10-21T10:38:24.420000+09:00	56	149.47
2020-10-21T10:38:24.450000+09:00	62	149.43
2020-10-21T10:38:24.470000+09:00	3	149.15
2020-10-21T10:38:24.500000+09:00	9	149.63
2020-10-21T10:38:24.530000+09:00	14	149.63
2020-10-21T10:38:24.550000+09:00	20	149.33
2020-10-21T10:38:24.580000+09:00	25	149.51
2020-10-21T10:38:24.600000+09:00	30	149.74
2020-10-21T10:38:24.630000+09:00	36	149.56
2020-10-21T10:38:24.650000+09:00	41	149.54
2020-10-21T10:38:24.680000+09:00	47	149.65
2020-10-21T10:38:24.710000+09:00	52	149.71
2020-10-21T10:38:24.730000+09:00	58	149.57
2020-10-21T10:38:24.760000+09:00	63	149.55
2020-10-21T10:38:24.780000+09:00	5	149.64
2020-10-21T10:38:24.810000+09:00	10	149.47
2020-10-21T10:38:24.830000+09:00	15	149.49
2020-10-21T10:38:24.860000+09:00	21	149.45
2020-10-21T10:38:24.880000+09:00	26	149.49
2020-10-21T10:38:24.910000+09:00	31	149.26
2020-10-21T10:38:24.930000+09:00	36	149.41
2020-10-21T10:38:24.960000+09:00	42	149.33
2020-10-21T10:38:24.980000+09:00	47	149.36
2020-10-21T10:38:25.010000+09:00	52	149.33
2020-10-21T10:38:25.030000+09:00	57	149.41
2020-10-21T10:38:25.060000+09:00	63	149.17
2020-10-21T10:38:25.080000+09:00	4	149.22
2020-10-21T10:38:25.110000+09:00	9	149.27
2020-10-21T10:38:25.130000+09:00	14	149.18
2020-10-21T10:38:25.160000+09:00	20	149.06
2020-10-21T10:38:25.180000+09:00	25	149.05
2020-10-21T10:38:25.210000+09:00	30	149.1
2020-10-21T10:38:25.230000+09:00	35	149.02
2020-10-21T10:38:25.260000+09:00	41	149.13
2020-10-21T10:38:25.280000+09:00	46	148.96
2020-10-21T10:38:25.310000+09:00	51	149.21
2020-10-21T10:38:25.330000+09:00	56	149.12
2020-10-21T10:38:25.360000+09:00	62	149.13
2020-10-21T10:38:25.380000+09:00	3	149.1
2020-10-21T10:38:25.400000+09:00	8	149.2
2020-10-21T10:38:25.430000+09:00	13	149.11
2020-10-21T10:38:25.450000+09:00	19	149.09
2020-10-21T10:38:25.480000+09:00	24	149.08
2020-10-21T10:38:25.510000+09:00	29	149.06
2020-10-21T10:38:25.530000+09:00	34	149.18
2020-10-21T10:38:25.550000+09:00	40	149
2020-10-21T10:38:25.580000+09:00	45	149.03
2020-10-21T10:38:25.600000+09:00	50	148.92
2020-10-21T10:38:25.630000+09:00	56	149.05
2020-10-21T10:38:25.650000+09:00	61	148.9
2020-10-21T10:38:25.680000+09:00	2	149.1
2020-10-21T10:38:25.700000+09:00	7	148.91
2020-10-21T10:38:25.730000+09:00	13	148.97
2020-10-21T10:38:25.750000+09:00	18	149
2020-10-21T10:38:25.780000+09:00	23	149.11
2020-10-21T10:38:25.800000+09:00	28	149.02
2020-10-21T10:38:25.830000+09:00	34	149.02
2020-10-21T10:38:25.850000+09:00	39	148.97
2020-10-21T10:38:25.880000+09:00	44	149.02
2020-10-21T10:38:25.900000+09:00	49	149
2020-10-21T10:38:25.930000+09:00	55	148.88
2020-10-21T10:38:25.950000+09:00	60	148.95
2020-10-21T10:38:25.980000+09:00	1	148.92
